,PetId,prediction
0,2049,123.75
1,8733,154.88
2,6698,133.4
3,8749,117.21
4,2616,123.75
5,569,123.75
6,4667,123.75
7,6730,133.4
8,8781,123.75
9,2664,281.75
10,4715,123.75
11,4731,87.25
12,8829,87.25
13,6682,123.75
14,6794,133.4
15,681,151.68
16,4779,141.4
17,4795,133.4
18,8893,133.4
19,2776,123.75
20,4827,152.75
21,8925,145.81
22,2792,123.75
23,2808,87.25
24,6906,143.34
25,8957,123.75
26,777,123.75
27,665,133.4
28,8973,123.75
29,8701,154.88
30,8685,123.75
31,8429,123.75
32,2296,154.88
33,249,141.4
34,4363,123.75
35,281,123.75
36,2344,276.0
37,8493,123.75
38,2360,123.75
39,4411,87.25
40,4427,133.4
41,8525,87.25
42,2392,80.47
43,6650,125.46
44,4443,123.75
45,8557,672.59
46,6522,132.5
47,8573,123.75
48,2440,133.4
49,4507,151.68
50,2472,156.83
51,6570,133.4
52,4539,126.53
53,6602,145.81
54,4555,154.88
55,2520,123.75
56,2536,123.75
57,8541,132.5
58,4331,103.21
59,6954,123.75
60,9021,123.75
61,3256,123.75
62,9405,151.68
63,3272,117.21
64,1225,145.81
65,7370,133.4
66,9421,103.21
67,5339,156.83
68,7418,141.4
69,5387,154.88
70,1305,123.75
71,7466,156.83
72,9517,151.68
73,1193,123.75
74,3384,123.75
75,5435,154.88
76,3400,130.87
77,1353,108.48
78,7498,108.48
79,1369,154.88
80,1385,123.75
81,7546,123.75
82,9597,154.88
83,3464,125.46
84,7578,151.68
85,7594,123.75
86,1465,125.46
87,7482,154.88
88,4907,141.4
89,3240,137.31
90,5259,340.0
91,2904,133.4
92,4971,87.25
93,2952,103.21
94,905,123.75
95,9101,117.21
96,5035,133.4
97,3000,123.75
98,5051,141.4
99,3016,133.4
100,3032,81.9
101,9197,135.41
102,7162,150.65
103,3224,133.4
104,5115,136.94
105,9229,154.88
106,3096,150.65
107,1049,152.75
108,1065,196.27
109,9261,143.34
110,3144,150.65
111,3160,145.81
112,7258,117.21
113,3176,150.65
114,9325,123.75
115,3192,117.21
116,7306,123.75
117,1033,123.75
118,7610,117.21
119,2280,87.25
120,217,154.88
121,5402,125.46
122,9500,172.5
123,9516,145.81
124,7483,123.75
125,9532,151.68
126,1352,103.21
127,9548,123.75
128,1384,108.48
129,9580,125.46
130,3449,133.4
131,5514,133.4
132,7563,133.4
133,3353,133.4
134,3481,80.47
135,5546,117.21
136,7595,123.75
137,9644,117.21
138,7611,87.25
139,5578,133.4
140,9676,103.21
141,1496,132.5
142,7643,123.75
143,9692,143.34
144,7659,133.4
145,5626,151.68
146,1544,123.75
147,3497,123.75
148,5642,151.68
149,1304,150.65
150,5386,123.75
151,9212,123.75
152,5130,117.21
153,3097,123.75
154,9244,133.4
155,3113,133.4
156,5162,151.68
157,1080,123.75
158,5178,154.88
159,1112,123.75
160,7259,133.4
161,9308,151.68
162,1128,177.8
163,9484,133.4
164,7291,63.71
165,9372,123.75
166,7355,154.88
167,3273,141.4
168,5322,154.88
169,9420,137.31
170,7387,103.21
171,9436,81.9
172,1256,154.88
173,5370,154.88
174,7419,141.4
175,9468,137.31
176,1288,151.68
177,5274,151.68
178,6362,133.4
179,9740,117.21
180,3609,386.66
181,8027,176.92
182,1896,133.4
183,5994,191.66
184,1992,152.75
185,6090,154.88
186,4057,117.21
187,6122,123.75
188,4089,133.4
189,8187,151.68
190,6154,137.31
191,4107,133.4
192,41,133.4
193,1880,159.85
194,4139,151.68
195,6202,154.88
196,73,133.4
197,4171,386.66
198,6234,141.4
199,4187,125.46
200,6266,132.5
201,8317,133.4
202,2184,145.81
203,8349,177.8
204,8365,123.75
205,8381,133.4
206,2264,123.75
207,8237,123.75
208,1560,117.21
209,8011,123.75
210,7963,123.75
211,5658,133.4
212,3625,132.82
213,5674,150.65
214,7723,123.75
215,3641,150.65
216,5690,143.34
217,7739,154.88
218,1608,141.4
219,3657,103.21
220,3689,123.75
221,9836,80.47
222,5754,123.75
223,5930,123.75
224,1672,123.75
225,3737,133.4
226,9884,133.4
227,1704,123.75
228,7851,117.21
229,7867,154.88
230,9948,137.31
231,3817,176.92
232,5866,87.25
233,9964,132.5
234,7931,123.75
235,3849,196.27
236,1816,161.0
237,3721,108.48
238,5563,122.32
239,3528,177.8
240,1481,141.4
241,3275,133.4
242,9422,133.4
243,9438,103.21
244,5352,123.75
245,7401,87.25
246,5384,117.21
247,3355,145.81
248,9502,123.75
249,7465,141.4
250,7481,117.21
251,3387,123.75
252,7497,133.4
253,5288,103.21
254,3403,103.21
255,5480,123.75
256,1386,103.21
257,5496,125.46
258,3483,130.87
259,9630,123.75
260,3499,132.5
261,5560,123.75
262,1466,87.25
263,3515,133.4
264,5576,123.75
265,1482,152.75
266,3531,132.49
267,7513,151.68
268,9678,130.87
269,9374,123.75
270,3211,143.34
271,890,151.68
272,5000,123.75
273,7049,123.75
274,7065,123.75
275,9118,151.68
276,938,108.48
277,9150,123.75
278,970,125.46
279,9166,123.75
280,986,87.25
281,5112,103.21
282,1018,63.71
283,9358,123.75
284,3067,103.21
285,7177,123.75
286,5144,135.41
287,7193,156.83
288,3099,145.81
289,7209,123.75
290,1082,123.75
291,9278,103.21
292,9294,150.65
293,9326,135.41
294,7289,123.75
295,1146,133.4
296,3195,123.75
297,9214,81.9
298,9070,125.46
299,3547,145.81
300,1514,103.21
301,3915,117.21
302,3931,117.21
303,5992,87.25
304,8073,123.75
305,3979,133.4
306,8089,123.75
307,3995,123.75
308,8105,133.4
309,6088,123.75
310,4043,123.75
311,8153,103.21
312,8185,87.25
313,1850,123.75
314,2042,137.31
315,4121,80.47
316,27,134.04
317,8223,154.88
318,43,117.21
319,2106,103.21
320,8255,123.75
321,6216,123.75
322,2122,276.0
323,2138,63.71
324,91,123.75
325,2154,123.75
326,123,133.4
327,8207,145.81
328,9694,154.88
329,1834,137.31
330,9982,143.34
331,7673,123.75
332,9726,123.75
333,5640,154.88
334,5656,150.65
335,1562,141.4
336,5672,133.4
337,3627,103.21
338,3643,145.81
339,9790,123.75
340,9806,133.4
341,3675,141.4
342,9822,136.94
343,1818,145.81
344,3691,133.4
345,9854,87.25
346,5768,123.75
347,9870,154.88
348,5784,123.75
349,3739,80.47
350,1706,81.9
351,3755,133.4
352,9902,152.75
353,5832,123.75
354,3787,141.4
355,9934,133.4
356,1786,117.21
357,1658,123.75
358,2907,87.25
359,7001,
360,4952,132.5
361,7978,117.21
362,7994,133.4
363,5947,151.68
364,5963,123.75
365,8042,141.4
366,3992,151.68
367,1945,151.68
368,8106,159.85
369,6059,132.82
370,8122,116.19
371,6075,151.68
372,1993,132.49
373,5915,133.4
374,8138,145.81
375,2091,133.4
376,4152,123.75
377,58,123.75
378,74,137.31
379,90,152.75
380,2155,150.65
381,4216,123.75
382,2171,117.21
383,2187,123.75
384,6297,123.75
385,154,132.5
386,2203,306.87
387,2075,156.83
388,8350,172.5
389,5899,117.21
390,1801,151.68
391,7626,145.81
392,1497,133.4
393,7642,133.4
394,3576,103.21
395,9741,154.88
396,7706,145.81
397,9773,154.88
398,3656,133.4
399,1609,123.75
400,7754,212.75
401,5707,117.21
402,7770,154.88
403,7946,125.46
404,5723,152.75
405,7786,145.81
406,5739,123.75
407,3752,123.75
408,5803,151.68
409,1721,159.85
410,3784,151.68
411,1753,123.75
412,9949,123.75
413,7914,123.75
414,3832,161.0
415,1785,123.75
416,7930,172.5
417,1641,123.75
418,6313,133.4
419,2235,133.4
420,4296,63.71
421,4600,132.5
422,506,116.19
423,6665,132.49
424,522,159.85
425,4632,151.68
426,8734,133.4
427,4648,123.75
428,2619,186.3
429,8766,117.21
430,602,123.75
431,6793,123.75
432,650,87.25
433,8686,143.34
434,8878,117.21
435,8894,123.75
436,4808,87.25
437,6857,123.75
438,4840,141.4
439,746,87.25
440,8942,123.75
441,6905,108.48
442,794,81.9
443,4904,133.4
444,6953,152.75
445,9006,151.68
446,4920,267.52
447,6841,117.21
448,2539,123.75
449,4584,123.75
450,8670,177.8
451,6345,141.4
452,2251,81.9
453,6361,154.88
454,8414,123.75
455,6377,74.75
456,234,330.05
457,2283,133.4
458,6393,123.75
459,8446,117.21
460,2315,123.75
461,8462,176.92
462,4376,133.4
463,4392,103.21
464,6441,117.21
465,4408,143.34
466,6457,151.68
467,6489,133.4
468,2395,117.21
469,4472,117.21
470,4488,154.88
471,394,123.75
472,2443,133.4
473,6553,123.75
474,6569,123.75
475,4536,103.21
476,4552,141.4
477,2523,154.88
478,7163,87.25
479,1016,117.21
480,3049,156.83
481,5082,87.25
482,7637,141.4
483,1494,117.21
484,3543,123.75
485,5604,152.75
486,7653,132.82
487,7669,123.75
488,1526,141.4
489,9730,133.4
490,5636,123.75
491,1542,87.25
492,1574,81.9
493,9778,154.88
494,3527,133.4
495,5684,159.85
496,7765,123.75
497,3671,151.68
498,7781,132.5
499,3687,117.21
500,9842,133.4
501,9858,87.25
502,9874,123.75
503,3735,123.75
504,9890,143.34
505,5796,123.75
506,3751,123.75
507,9906,117.21
508,3639,123.75
509,5812,154.88
510,5556,133.4
511,5540,143.34
512,1206,87.25
513,3255,117.21
514,7365,123.75
515,1222,117.21
516,9426,125.46
517,1238,117.21
518,3287,135.41
519,5348,132.82
520,9458,152.75
521,5364,123.75
522,5380,151.68
523,9490,133.4
524,3495,108.48
525,1302,87.25
526,3383,87.25
527,5444,117.21
528,9554,133.4
529,7509,117.21
530,3415,143.34
531,7525,151.68
532,1382,133.4
533,9586,154.88
534,1398,141.4
535,3447,154.88
536,1414,132.5
537,3479,87.25
538,3367,150.56
539,5300,133.4
540,7861,161.0
541,3799,151.68
542,8387,123.75
543,6356,123.75
544,4309,87.25
545,6372,133.4
546,2278,132.82
547,231,123.75
548,4341,123.75
549,2294,87.25
550,8451,156.83
551,6404,137.31
552,2326,145.81
553,279,151.68
554,2214,123.75
555,4405,151.68
556,4437,116.19
557,343,133.4
558,4469,152.75
559,4485,145.81
560,6548,156.83
561,4501,103.21
562,4533,117.21
563,2486,117.21
564,6596,123.75
565,2502,145.81
566,6612,133.4
567,471,133.4
568,2374,123.75
569,5844,132.5
570,4261,117.21
571,8355,123.75
572,5860,123.75
573,1766,132.82
574,3831,133.4
575,7957,132.5
576,7973,150.65
577,1830,152.75
578,1862,122.32
579,3911,123.75
580,5988,133.4
581,6004,123.75
582,6020,123.75
583,2006,87.25
584,6308,154.88
585,2022,103.21
586,2054,123.75
587,7,108.48
588,8211,135.41
589,2070,133.4
590,6180,133.4
591,71,103.21
592,6228,145.81
593,4181,103.21
594,8291,117.21
595,2150,132.82
596,103,281.75
597,6292,123.75
598,8181,132.49
599,3239,117.21
600,1190,152.75
601,7333,117.21
602,2295,74.75
603,4356,133.4
604,6421,87.25
605,4404,151.68
606,310,151.68
607,2359,154.88
608,2391,125.46
609,4452,185.44
610,4468,123.75
611,4484,132.5
612,2439,123.75
613,6549,154.88
614,6389,123.75
615,406,80.47
616,422,123.75
617,6597,211.28
618,454,123.75
619,4580,
620,8690,123.75
621,6645,150.65
622,8706,123.75
623,6661,117.21
624,6677,123.75
625,4660,87.25
626,6709,150.65
627,4676,154.88
628,2455,154.88
629,6725,154.88
630,230,211.28
631,2263,123.75
632,6103,150.56
633,2021,123.75
634,8194,133.4
635,2071,141.4
636,8226,87.25
637,4132,123.75
638,38,133.4
639,54,145.81
640,6213,123.75
641,2135,133.4
642,102,123.75
643,2151,123.75
644,4324,133.4
645,134,117.21
646,4244,117.21
647,6293,123.75
648,8354,177.8
649,6309,123.75
650,166,154.88
651,2215,133.4
652,4276,133.4
653,8386,154.88
654,6341,154.88
655,2247,117.21
656,6357,141.4
657,214,133.4
658,2183,132.82
659,2631,123.75
660,8786,133.4
661,4708,386.66
662,934,133.4
663,5044,133.4
664,7093,150.65
665,7109,133.4
666,7125,191.66
667,982,133.4
668,3031,177.8
669,9218,133.4
670,7173,143.34
671,5140,154.88
672,3095,141.4
673,5156,123.75
674,9122,141.4
675,1062,87.25
676,9266,80.47
677,9282,281.75
678,5188,143.51
679,7237,133.4
680,1094,281.75
681,9314,150.65
682,7269,123.75
683,1126,151.68
684,1142,133.4
685,9346,117.21
686,7301,159.85
687,5268,141.4
688,3111,152.75
689,2951,117.21
690,4996,154.88
691,9090,123.75
692,8818,117.21
693,2679,103.21
694,8850,154.88
695,4756,177.8
696,6805,137.31
697,8866,154.88
698,678,133.4
699,8882,123.75
700,2759,103.21
701,6869,123.75
702,2775,123.75
703,4836,196.27
704,6885,123.75
705,4852,123.75
706,758,145.81
707,2807,108.48
708,8962,103.21
709,6917,125.46
710,774,154.88
711,4884,108.48
712,4900,177.8
713,6965,81.9
714,822,133.4
715,9042,152.75
716,2903,150.65
717,7029,117.21
718,2935,123.75
719,4597,132.82
720,4233,152.75
721,8707,108.48
722,519,133.4
723,4202,123.75
724,6251,133.4
725,8316,133.4
726,136,123.75
727,8332,132.49
728,152,133.4
729,8348,267.52
730,168,137.31
731,8364,123.75
732,6331,137.31
733,8380,136.94
734,216,126.0
735,6235,123.75
736,4314,152.75
737,6379,132.82
738,8428,141.4
739,2297,154.88
740,6395,117.21
741,8444,151.68
742,264,87.25
743,6411,130.87
744,280,123.75
745,6427,154.88
746,8476,276.0
747,2345,133.4
748,6443,132.5
749,8412,276.0
750,2377,133.4
751,4186,177.8
752,4170,136.94
753,3878,132.5
754,1831,123.75
755,7988,133.4
756,5941,133.4
757,8036,103.21
758,8052,151.68
759,8068,137.31
760,6021,154.88
761,6037,123.75
762,3990,133.4
763,8100,123.75
764,4006,154.88
765,88,141.4
766,1959,74.75
767,4054,672.59
768,2007,123.75
769,6133,117.21
770,2039,150.65
771,8,117.21
772,6155,133.4
773,2073,125.46
774,40,137.31
775,2089,133.4
776,4138,141.4
777,6187,123.75
778,4154,154.88
779,8132,123.75
780,5925,152.75
781,4426,145.81
782,8540,154.88
783,6827,145.81
784,2745,133.4
785,4794,117.21
786,6843,126.0
787,6859,133.4
788,2777,132.49
789,8924,133.4
790,4842,132.5
791,6891,133.4
792,8940,133.4
793,8956,117.21
794,4874,133.4
795,680,154.88
796,792,123.75
797,808,123.75
798,6955,117.21
799,824,123.75
800,2873,81.9
801,2889,133.4
802,888,123.75
803,9084,154.88
804,2953,133.4
805,9116,123.75
806,2985,150.65
807,7099,133.4
808,9148,196.27
809,6939,123.75
810,6475,133.4
811,4762,133.4
812,8844,133.4
813,360,130.87
814,4458,154.88
815,4474,63.71
816,2441,152.75
817,6539,159.85
818,8604,117.21
819,4522,126.0
820,8652,196.27
821,472,133.4
822,6635,117.21
823,2553,123.75
824,8700,123.75
825,664,145.81
826,4618,123.75
827,8732,117.21
828,552,330.05
829,2601,87.25
830,6699,103.21
831,8764,132.49
832,584,108.48
833,6731,137.51
834,8780,117.21
835,600,145.81
836,4714,117.21
837,632,133.4
838,648,116.19
839,6683,117.21
840,3862,151.68
841,7956,123.75
842,3846,123.75
843,4965,132.5
844,9075,123.75
845,887,123.75
846,9091,117.21
847,903,123.75
848,9107,108.48
849,7076,156.83
850,9139,196.27
851,2998,133.4
852,967,87.25
853,983,152.75
854,9187,196.27
855,7012,159.85
856,9219,141.4
857,3078,151.68
858,9235,151.68
859,7204,154.88
860,5157,150.65
861,3110,133.4
862,9267,141.4
863,5173,87.25
864,3126,87.25
865,3142,177.8
866,7252,386.66
867,5237,123.75
868,1143,133.4
869,7172,123.75
870,7300,117.21
871,9059,151.68
872,839,63.71
873,4629,133.4
874,2582,196.27
875,551,123.75
876,8771,123.75
877,2646,141.4
878,599,154.88
879,6756,141.4
880,4709,133.4
881,615,126.53
882,8835,123.75
883,4741,133.4
884,695,134.04
885,2902,117.21
886,4805,141.4
887,727,145.81
888,8931,117.21
889,4837,133.4
890,2790,154.88
891,743,125.46
892,6900,123.75
893,8963,123.75
894,2822,133.4
895,6948,123.75
896,2854,156.83
897,9011,133.4
898,6964,117.21
899,4821,136.94
900,5253,133.4
901,1175,123.75
902,9395,117.21
903,9779,133.4
904,5685,132.82
905,3638,133.4
906,7748,151.68
907,1607,123.75
908,9811,123.75
909,5733,151.68
910,9843,87.25
911,7796,125.46
912,3702,154.88
913,9859,154.88
914,3718,133.4
915,1575,123.75
916,1687,186.3
917,3750,123.75
918,9907,103.21
919,7860,133.4
920,3766,153.6
921,3782,117.21
922,7892,145.81
923,3798,276.0
924,7908,117.21
925,5861,151.68
926,5877,145.81
927,1783,154.88
928,7940,196.27
929,5797,117.21
930,5669,123.75
931,9731,123.75
932,3574,123.75
933,3254,123.75
934,9427,154.88
935,5333,133.4
936,3302,133.4
937,9459,133.4
938,3334,145.81
939,7444,108.48
940,9507,132.5
941,7460,133.4
942,9523,
943,7476,133.4
944,3382,117.21
945,1335,133.4
946,5461,117.21
947,7540,117.21
948,3446,154.88
949,9603,276.0
950,9619,123.75
951,5525,156.83
952,3478,145.81
953,9635,123.75
954,1447,103.21
955,1463,126.53
956,3526,133.4
957,3558,123.75
958,1511,145.81
959,5621,130.87
960,6660,143.34
961,2186,141.4
962,8335,154.88
963,155,103.21
964,6829,123.75
965,686,87.25
966,8890,152.75
967,4796,133.4
968,6845,117.21
969,702,161.0
970,2751,117.21
971,8906,133.4
972,6861,133.4
973,8922,125.46
974,4828,87.25
975,6877,123.75
976,4780,123.75
977,2783,117.21
978,8954,123.75
979,6909,108.48
980,4876,117.21
981,814,154.88
982,2863,133.4
983,9018,123.75
984,4924,123.75
985,2879,143.34
986,9050,123.75
987,7005,154.88
988,4972,135.41
989,2927,141.4
990,2799,153.6
991,4988,132.5
992,2719,137.31
993,6797,117.21
994,4476,137.31
995,6525,154.88
996,382,267.52
997,2431,133.4
998,2447,132.5
999,4508,103.21
1000,2463,386.66
1001,4524,117.21
1002,4556,74.75
1003,4572,117.21
1004,478,150.65
1005,494,151.68
1006,654,123.75
1007,8698,154.88
1008,2559,143.34
1009,526,154.88
1010,4636,145.81
1011,2591,145.81
1012,8762,103.21
1013,4668,117.21
1014,2639,123.75
1015,8794,117.21
1016,2655,133.4
1017,622,123.75
1018,2671,125.46
1019,6781,151.68
1020,4604,117.21
1021,2415,168.47
1022,9098,87.25
1023,926,135.41
1024,7373,123.75
1025,1230,87.25
1026,3279,133.4
1027,9434,130.87
1028,5356,125.46
1029,7405,159.85
1030,3311,87.25
1031,5372,123.75
1032,1278,145.81
1033,7437,123.75
1034,3343,108.48
1035,9498,133.4
1036,9418,123.75
1037,1326,150.65
1038,1342,87.25
1039,9546,133.4
1040,1358,161.0
1041,3407,133.4
1042,1374,116.19
1043,9578,117.21
1044,7533,135.41
1045,3439,117.21
1046,5500,103.21
1047,9610,154.88
1048,7565,123.75
1049,3471,123.75
1050,3375,123.75
1051,7053,133.4
1052,3263,117.21
1053,7357,123.75
1054,2991,176.92
1055,9146,123.75
1056,7101,123.75
1057,5100,133.4
1058,1006,159.85
1059,9210,123.75
1060,3119,130.87
1061,5180,141.4
1062,5196,123.75
1063,7245,152.75
1064,3151,117.21
1065,9306,133.4
1066,1214,151.68
1067,5212,117.21
1068,3183,145.81
1069,5244,123.75
1070,1150,123.75
1071,3199,152.75
1072,9354,133.4
1073,1166,103.21
1074,9370,133.4
1075,1182,117.21
1076,3231,133.4
1077,5292,132.5
1078,1198,152.75
1079,5308,103.21
1080,7277,117.21
1081,4444,133.4
1082,318,117.21
1083,4396,137.31
1084,3404,123.75
1085,7518,150.65
1086,5487,123.75
1087,9593,125.46
1088,7566,123.75
1089,5519,126.0
1090,9625,133.4
1091,7582,87.25
1092,1453,154.88
1093,9657,145.81
1094,1469,141.4
1095,7614,117.21
1096,3372,159.85
1097,5567,159.85
1098,3548,123.75
1099,5615,117.21
1100,3612,123.75
1101,5663,133.4
1102,9769,123.75
1103,7726,117.21
1104,7742,211.28
1105,3660,135.41
1106,5711,156.83
1107,9817,123.75
1108,1629,
1109,5727,103.21
1110,7630,123.75
1111,7790,103.21
1112,5407,87.25
1113,3340,133.4
1114,1037,133.4
1115,9241,123.75
1116,3116,123.75
1117,3132,152.75
1118,7230,133.4
1119,5183,103.21
1120,7246,159.85
1121,5199,133.4
1122,7262,154.88
1123,9321,151.68
1124,1133,133.4
1125,5231,154.88
1126,7438,177.8
1127,5263,87.25
1128,7342,133.4
1129,5295,132.5
1130,9401,161.0
1131,3260,154.88
1132,9417,141.4
1133,3276,134.04
1134,1229,133.4
1135,5327,117.21
1136,1245,156.83
1137,7406,123.75
1138,3324,672.59
1139,7422,123.75
1140,3228,133.4
1141,7806,123.75
1142,5759,150.65
1143,9881,143.34
1144,6143,125.46
1145,8202,117.21
1146,4108,87.25
1147,6157,123.75
1148,2063,133.4
1149,6173,177.8
1150,2079,133.4
1151,4140,154.88
1152,6189,117.21
1153,62,103.21
1154,2111,133.4
1155,8298,125.46
1156,2029,132.49
1157,8314,340.0
1158,6285,141.4
1159,4252,177.8
1160,158,81.9
1161,8362,154.88
1162,4284,123.75
1163,6333,150.65
1164,8394,145.81
1165,6365,126.53
1166,222,123.75
1167,8426,145.81
1168,4364,276.0
1169,6413,123.75
1170,8330,103.21
1171,4044,133.4
1172,8126,154.88
1173,4012,133.4
1174,3740,137.31
1175,3756,123.75
1176,1709,125.46
1177,1725,159.85
1178,5823,154.88
1179,1741,137.31
1180,5839,145.81
1181,9945,152.75
1182,3804,123.75
1183,1773,133.4
1184,1789,123.75
1185,9993,161.0
1186,3852,123.75
1187,1805,117.21
1188,5903,145.18
1189,7998,81.9
1190,3916,154.88
1191,1869,123.75
1192,8030,152.75
1193,1901,133.4
1194,5999,161.0
1195,3964,161.0
1196,1917,116.19
1197,8062,152.75
1198,6015,87.25
1199,1933,87.25
1200,3996,123.75
1201,9642,117.21
1202,9225,151.68
1203,1454,152.75
1204,7629,133.4
1205,3230,154.88
1206,7340,151.68
1207,3246,145.81
1208,1199,125.46
1209,7356,150.65
1210,1215,154.88
1211,5325,122.32
1212,1231,133.4
1213,3294,154.88
1214,5357,123.75
1215,1263,177.8
1216,3326,150.65
1217,5277,123.75
1218,9483,133.4
1219,1295,116.19
1220,7452,87.25
1221,9515,137.31
1222,7468,123.75
1223,5421,123.75
1224,3374,117.21
1225,7484,672.59
1226,5437,141.4
1227,9547,154.88
1228,7500,137.31
1229,1359,125.46
1230,9563,125.46
1231,7436,141.4
1232,3422,672.59
1233,9371,133.4
1234,3214,151.68
1235,6892,133.4
1236,4861,137.31
1237,8987,141.4
1238,799,154.88
1239,815,133.4
1240,6972,87.25
1241,2878,108.48
1242,831,133.4
1243,2894,87.25
1244,847,123.75
1245,7004,87.25
1246,4973,117.21
1247,1167,150.65
1248,9099,154.88
1249,7132,125.46
1250,1007,133.4
1251,3070,87.25
1252,1023,123.75
1253,3086,136.94
1254,7212,143.34
1255,5165,117.21
1256,5229,156.83
1257,3182,145.81
1258,7292,117.21
1259,7308,159.85
1260,5261,151.68
1261,2958,133.4
1262,8939,132.5
1263,9595,152.75
1264,3470,125.46
1265,3774,123.75
1266,9931,123.75
1267,5837,126.0
1268,3790,386.66
1269,1743,196.27
1270,5869,103.21
1271,3822,123.75
1272,9995,132.5
1273,5901,143.34
1274,5917,117.21
1275,1855,276.0
1276,8012,152.75
1277,5821,116.19
1278,1871,141.4
1279,8044,132.82
1280,3950,123.75
1281,8060,133.4
1282,3966,132.49
1283,6029,130.87
1284,6045,123.75
1285,3998,87.25
1286,4014,133.4
1287,8124,151.68
1288,8140,123.75
1289,2015,150.65
1290,8172,123.75
1291,5981,133.4
1292,7548,196.27
1293,1711,151.68
1294,7852,137.31
1295,7612,156.83
1296,9675,133.4
1297,5581,123.75
1298,1503,126.0
1299,3566,133.4
1300,9723,143.51
1301,9739,87.25
1302,3598,125.46
1303,1551,276.0
1304,9755,123.75
1305,5661,123.75
1306,3614,145.81
1307,5805,103.21
1308,1567,117.21
1309,7724,133.4
1310,5693,211.28
1311,7788,154.88
1312,3694,117.21
1313,1647,133.4
1314,3710,141.4
1315,9867,133.4
1316,7820,152.75
1317,3726,103.21
1318,7836,123.75
1319,5789,103.21
1320,3742,132.5
1321,9771,123.75
1322,4829,161.0
1323,8907,133.4
1324,8891,154.88
1325,1758,151.68
1326,7917,123.75
1327,7965,117.21
1328,5932,151.68
1329,1838,103.21
1330,3887,426.36
1331,5964,125.46
1332,1886,136.94
1333,3935,154.88
1334,8061,123.75
1335,3967,
1336,3983,117.21
1337,1742,133.4
1338,8093,133.4
1339,4015,159.85
1340,6092,161.0
1341,1998,137.31
1342,8157,172.5
1343,2014,103.21
1344,8189,123.75
1345,8203,191.66
1346,2078,133.4
1347,31,143.34
1348,8235,123.75
1349,8251,133.4
1350,6204,252.42
1351,1950,123.75
1352,8267,81.9
1353,7885,123.75
1354,7869,137.31
1355,3551,154.88
1356,7661,145.81
1357,9722,117.21
1358,5644,4301.55
1359,3599,133.4
1360,5660,159.85
1361,7709,103.21
1362,5676,196.27
1363,7725,123.75
1364,3631,176.92
1365,7741,132.82
1366,9802,152.75
1367,9930,87.25
1368,7757,103.21
1369,9818,132.49
1370,5724,306.87
1371,1630,117.21
1372,5740,141.4
1373,7789,117.21
1374,3711,87.25
1375,9866,133.4
1376,1678,87.25
1377,5788,151.68
1378,1694,143.34
1379,5804,87.25
1380,7853,87.25
1381,3663,133.4
1382,2126,133.4
1383,79,87.25
1384,8283,137.31
1385,8619,133.4
1386,4525,154.88
1387,4541,103.21
1388,463,123.75
1389,2558,125.46
1390,8715,108.48
1391,2574,117.21
1392,527,117.21
1393,4637,135.41
1394,543,123.75
1395,575,117.21
1396,6732,103.21
1397,415,151.68
1398,4685,141.4
1399,591,386.66
1400,8795,123.75
1401,8827,133.4
1402,4733,141.4
1403,2686,145.81
1404,8843,145.81
1405,4749,108.48
1406,655,267.52
1407,671,135.41
1408,4781,87.25
1409,2734,154.88
1410,687,117.21
1411,2638,143.51
1412,2462,117.21
1413,8603,145.81
1414,2446,152.75
1415,4205,191.66
1416,6268,177.8
1417,2174,123.75
1418,8331,123.75
1419,4237,87.25
1420,4269,141.4
1421,2222,87.25
1422,175,123.75
1423,6332,125.46
1424,2238,123.75
1425,6348,133.4
1426,4301,133.4
1427,2254,108.48
1428,8427,145.81
1429,6380,126.0
1430,239,87.25
1431,4349,151.68
1432,2318,123.75
1433,8475,80.47
1434,8491,154.88
1435,8507,123.75
1436,2366,126.0
1437,2382,132.5
1438,8555,145.81
1439,4461,87.25
1440,367,150.65
1441,6524,152.75
1442,3519,154.88
1443,2005,117.21
1444,3068,87.25
1445,7134,103.21
1446,5849,154.88
1447,9951,116.19
1448,1771,123.75
1449,7928,133.4
1450,1803,152.75
1451,7960,87.25
1452,5913,161.0
1453,3882,117.21
1454,1835,123.75
1455,5945,133.4
1456,5961,123.75
1457,5977,117.21
1458,7896,137.31
1459,8040,143.34
1460,1915,123.75
1461,3978,123.75
1462,3994,87.25
1463,6057,123.75
1464,8120,150.65
1465,4026,141.4
1466,6121,117.21
1467,8184,151.68
1468,6137,133.4
1469,4090,123.75
1470,2043,145.81
1471,8200,103.21
1472,3946,117.21
1473,28,154.88
1474,7880,133.4
1475,3754,123.75
1476,3530,123.75
1477,9679,154.88
1478,5593,123.75
1479,5609,133.4
1480,9711,117.21
1481,7672,152.75
1482,5625,126.0
1483,9727,103.21
1484,5641,123.75
1485,3594,133.4
1486,1563,151.68
1487,7720,123.75
1488,5817,386.66
1489,3642,133.4
1490,7768,133.4
1491,7784,154.88
1492,9839,108.48
1493,7800,152.75
1494,3706,117.21
1495,7816,103.21
1496,5769,150.65
1497,1675,133.4
1498,5785,185.44
1499,3738,117.21
1500,1691,133.4
1501,5801,123.75
1502,7752,87.25
1503,5577,137.31
1504,8232,133.4
1505,4142,87.25
1506,8504,154.88
1507,316,87.25
1508,6463,123.75
1509,8520,159.85
1510,332,123.75
1511,6479,108.48
1512,4446,117.21
1513,6495,141.4
1514,8552,145.81
1515,364,123.75
1516,380,196.27
1517,2429,154.88
1518,4398,151.68
1519,4510,126.0
1520,8632,154.88
1521,444,133.4
1522,460,145.81
1523,2525,141.4
1524,6623,109.25
1525,2541,117.21
1526,8696,156.83
1527,508,133.4
1528,6655,152.75
1529,2573,133.4
1530,540,123.75
1531,8744,133.4
1532,6559,123.75
1533,44,123.75
1534,8488,4301.55
1535,2333,87.25
1536,6191,123.75
1537,4174,133.4
1538,92,132.49
1539,6239,133.4
1540,8296,152.75
1541,108,133.4
1542,8312,123.75
1543,2173,135.41
1544,6271,133.4
1545,2189,126.0
1546,6287,154.88
1547,156,87.25
1548,4382,125.46
1549,2205,132.5
1550,2253,87.25
1551,4302,340.0
1552,8408,145.81
1553,4318,154.88
1554,236,150.56
1555,2285,123.75
1556,8440,123.75
1557,252,123.75
1558,6399,123.75
1559,8456,133.4
1560,8472,123.75
1561,284,154.88
1562,204,151.68
1563,1451,123.75
1564,3498,123.75
1565,9631,123.75
1566,2586,132.82
1567,6696,123.75
1568,571,176.92
1569,6728,123.75
1570,4681,154.88
1571,8783,177.8
1572,6744,74.75
1573,2682,145.81
1574,6808,150.65
1575,8863,117.21
1576,683,133.4
1577,8879,132.82
1578,8719,87.25
1579,4793,658.18
1580,4809,154.88
1581,2762,123.75
1582,715,133.4
1583,4825,281.75
1584,4841,141.4
1585,747,123.75
1586,2810,123.75
1587,4873,132.5
1588,779,123.75
1589,6936,133.4
1590,2842,154.88
1591,6952,152.75
1592,8895,145.81
1593,4921,123.75
1594,2554,151.68
1595,8671,103.21
1596,2218,123.75
1597,6328,123.75
1598,4281,152.75
1599,6344,87.25
1600,4329,133.4
1601,235,133.4
1602,8431,123.75
1603,6408,151.68
1604,2314,123.75
1605,267,133.4
1606,8479,123.75
1607,6440,133.4
1608,4585,133.4
1609,8495,151.68
1610,4425,133.4
1611,6488,123.75
1612,347,87.25
1613,2426,117.21
1614,8607,159.85
1615,6568,123.75
1616,2474,125.46
1617,8623,117.21
1618,443,133.4
1619,6600,123.75
1620,459,133.4
1621,8655,150.65
1622,315,123.75
1623,843,123.75
1624,7000,
1625,9055,683.08
1626,1195,87.25
1627,5305,196.27
1628,1211,123.75
1629,9407,125.46
1630,9423,103.21
1631,5337,660.94
1632,5353,123.75
1633,1259,125.46
1634,9471,133.4
1635,1291,145.81
1636,5401,117.21
1637,9503,133.4
1638,9375,103.21
1639,5417,117.21
1640,9519,125.46
1641,7480,123.75
1642,3386,123.75
1643,7496,133.4
1644,5449,137.31
1645,7512,122.32
1646,3418,133.4
1647,9567,117.21
1648,7544,123.75
1649,3466,151.68
1650,9615,123.75
1651,1435,123.75
1652,1323,103.21
1653,3226,117.21
1654,7320,87.25
1655,1163,133.4
1656,875,117.21
1657,7048,133.4
1658,5017,117.21
1659,9119,132.5
1660,5033,123.75
1661,3002,123.75
1662,7112,133.4
1663,3018,159.85
1664,971,103.21
1665,9167,123.75
1666,5081,133.4
1667,3050,133.4
1668,7160,137.31
1669,1019,212.75
1670,9215,87.25
1671,7176,153.6
1672,9231,133.4
1673,7192,151.68
1674,5161,123.75
1675,5177,80.47
1676,9279,117.21
1677,5209,276.0
1678,3162,386.66
1679,7272,133.4
1680,1131,196.27
1681,9327,81.9
1682,5241,133.4
1683,572,145.81
1684,1005,196.27
1685,2621,123.75
1686,2637,151.68
1687,109,87.25
1688,6254,145.81
1689,4239,63.71
1690,2204,196.27
1691,157,151.68
1692,6302,132.82
1693,4255,103.21
1694,8361,154.88
1695,173,123.75
1696,4271,117.21
1697,189,103.21
1698,205,133.4
1699,6238,153.6
1700,6366,123.75
1701,8425,123.75
1702,2284,126.53
1703,237,117.21
1704,253,150.65
1705,4351,87.25
1706,8457,116.19
1707,2316,143.34
1708,4367,125.46
1709,2348,154.88
1710,317,81.9
1711,2380,74.75
1712,4447,137.31
1713,4319,156.83
1714,8553,125.46
1715,2140,159.85
1716,2108,154.88
1717,3885,87.25
1718,7983,125.46
1719,1852,87.25
1720,3901,133.4
1721,8015,123.75
1722,5982,117.21
1723,8047,133.4
1724,3965,177.8
1725,6014,133.4
1726,8063,103.21
1727,6046,133.4
1728,8095,133.4
1729,4175,117.21
1730,6062,123.75
1731,6094,133.4
1732,4061,161.0
1733,6110,152.75
1734,6126,117.21
1735,8175,123.75
1736,6142,133.4
1737,8201,161.0
1738,2060,132.49
1739,13,123.75
1740,4111,133.4
1741,4127,133.4
1742,2092,133.4
1743,4045,191.66
1744,5918,87.25
1745,8569,123.75
1746,6526,123.75
1747,8937,123.75
1748,6894,125.46
1749,4847,123.75
1750,765,196.27
1751,6910,133.4
1752,781,156.83
1753,4879,132.49
1754,8985,103.21
1755,797,122.32
1756,6958,145.81
1757,4911,133.4
1758,2876,161.0
1759,4831,152.75
1760,7006,123.75
1761,2924,133.4
1762,9081,141.4
1763,2940,123.75
1764,9097,150.56
1765,7070,123.75
1766,2988,125.46
1767,9145,117.21
1768,7102,123.75
1769,9161,123.75
1770,3020,154.88
1771,9177,87.25
1772,989,132.82
1773,9065,154.88
1774,2428,133.4
1775,701,196.27
1776,6814,154.88
1777,4479,103.21
1778,2444,151.68
1779,4511,123.75
1780,8649,151.68
1781,6606,125.46
1782,4559,154.88
1783,6622,123.75
1784,4575,87.25
1785,8697,134.04
1786,2556,123.75
1787,4623,123.75
1788,2588,132.82
1789,8889,156.83
1790,4639,123.75
1791,4671,133.4
1792,8777,152.75
1793,6734,133.4
1794,2652,123.75
1795,621,145.81
1796,4719,154.88
1797,8825,123.75
1798,2684,141.4
1799,637,133.4
1800,653,133.4
1801,6798,141.4
1802,669,141.4
1803,6702,161.0
1804,1820,133.4
1805,7951,87.25
1806,5902,87.25
1807,2973,125.46
1808,9128,117.21
1809,5038,683.08
1810,9144,123.75
1811,3005,123.75
1812,3021,80.47
1813,988,133.4
1814,5086,123.75
1815,9208,123.75
1816,1020,123.75
1817,5118,132.5
1818,7167,152.75
1819,9112,123.75
1820,3085,133.4
1821,1052,141.4
1822,3101,132.5
1823,5150,117.21
1824,9256,123.75
1825,1068,103.21
1826,7215,132.5
1827,3133,133.4
1828,5182,132.5
1829,1100,123.75
1830,3149,133.4
1831,1116,145.18
1832,7263,103.21
1833,7183,123.75
1834,3181,117.21
1835,7055,141.4
1836,7039,103.21
1837,8824,152.75
1838,6783,117.21
1839,8888,123.75
1840,700,123.75
1841,4798,133.4
1842,6847,161.0
1843,4814,141.4
1844,2781,123.75
1845,4830,132.82
1846,8936,117.21
1847,2813,123.75
1848,4862,386.66
1849,908,117.21
1850,6911,154.88
1851,2845,141.4
1852,4894,177.8
1853,9000,87.25
1854,4910,322.29
1855,9016,87.25
1856,6975,143.34
1857,2893,117.21
1858,4958,123.75
1859,876,132.5
1860,4974,117.21
1861,9080,332.35
1862,4990,151.68
1863,2829,135.41
1864,5230,133.4
1865,1148,125.46
1866,3197,123.75
1867,3581,123.75
1868,9736,123.75
1869,1580,154.88
1870,3629,133.4
1871,1596,87.25
1872,5694,141.4
1873,3661,154.88
1874,1628,151.68
1875,5726,103.21
1876,1644,133.4
1877,3693,132.5
1878,5758,133.4
1879,5614,143.34
1880,5790,117.21
1881,1724,154.88
1882,3773,123.75
1883,5822,133.4
1884,7887,132.49
1885,1756,117.21
1886,3805,133.4
1887,5854,154.88
1888,9960,133.4
1889,3821,196.27
1890,7919,108.48
1891,5886,161.0
1892,1804,117.21
1893,7839,143.51
1894,3565,117.21
1895,1500,103.21
1896,1484,133.4
1897,5246,123.75
1898,9384,141.4
1899,3245,123.75
1900,5294,123.75
1901,7343,133.4
1902,1212,151.68
1903,3261,74.75
1904,1228,87.25
1905,5326,123.75
1906,7391,152.75
1907,3309,130.87
1908,7407,133.4
1909,3341,152.75
1910,9496,133.4
1911,5406,133.4
1912,1340,141.4
1913,7487,130.87
1914,9544,123.75
1915,1372,133.4
1916,5486,117.21
1917,9592,133.4
1918,1404,159.85
1919,3469,133.4
1920,7583,87.25
1921,3501,133.4
1922,5550,151.68
1923,9672,87.25
1924,4670,103.21
1925,1989,196.27
1926,4094,125.46
1927,2210,132.5
1928,148,123.75
1929,8352,133.4
1930,3488,145.81
1931,8368,103.21
1932,2229,145.81
1933,8384,132.49
1934,196,123.75
1935,3472,152.75
1936,8336,156.83
1937,7554,117.21
1938,4310,117.21
1939,6359,211.82
1940,3456,143.34
1941,3440,154.88
1942,4326,133.4
1943,5475,386.66
1944,244,132.82
1945,2293,125.46
1946,212,103.21
1947,4342,143.34
1948,2181,81.9
1949,132,125.46
1950,3584,123.75
1951,2101,152.75
1952,6199,154.88
1953,84,159.85
1954,9701,150.65
1955,5603,152.75
1956,7650,196.27
1957,3552,159.85
1958,1441,123.75
1959,4182,117.21
1960,9669,117.21
1961,2149,123.75
1962,5571,103.21
1963,1473,123.75
1964,7602,133.4
1965,5539,151.68
1966,4214,133.4
1967,6263,426.36
1968,8288,133.4
1969,3424,386.66
1970,6391,117.21
1971,9557,117.21
1972,388,117.21
1973,6535,154.88
1974,5379,145.81
1975,7426,126.0
1976,3328,125.46
1977,9461,141.4
1978,2453,133.4
1979,2469,126.0
1980,4470,150.56
1981,5331,123.75
1982,1233,123.75
1983,7362,108.48
1984,4534,117.21
1985,3264,80.47
1986,6583,117.21
1987,7346,87.25
1988,8640,
1989,4550,117.21
1990,436,117.21
1991,2421,152.75
1992,8560,123.75
1993,1297,117.21
1994,5459,125.46
1995,7506,123.75
1996,8448,123.75
1997,260,133.4
1998,9541,132.82
1999,5443,177.8
2000,292,87.25
2001,9525,123.75
2002,6439,386.66
2003,8512,145.81
2004,5427,141.4
2005,4422,87.25
2006,6471,151.68
2007,1329,103.21
2008,3376,137.31
2009,8528,116.19
2010,7458,123.75
2011,3360,672.59
2012,8544,123.75
2013,1537,87.25
2014,1201,125.46
2015,5635,133.4
2016,8224,132.49
2017,1905,117.21
2018,5987,133.4
2019,3936,141.4
2020,5955,132.49
2021,1715,123.75
2022,3904,123.75
2023,5841,123.75
2024,9943,123.75
2025,1699,161.0
2026,7970,134.04
2027,1763,133.4
2028,3856,154.88
2029,5891,123.75
2030,7938,177.8
2031,1795,133.4
2032,9991,172.5
2033,9973,87.25
2034,7952,172.5
2035,7904,87.25
2036,5875,151.68
2037,6019,133.4
2038,4000,143.34
2039,9799,133.4
2040,7760,133.4
2041,6145,132.82
2042,4096,126.0
2043,6131,154.88
2044,8178,123.75
2045,4080,123.75
2046,9831,145.81
2047,5793,152.75
2048,6115,87.25
2049,9847,123.75
2050,8146,123.75
2051,4048,123.75
2052,3714,63.71
2053,1667,143.34
2054,4032,133.4
2055,6067,123.75
2056,1969,125.46
2057,1651,123.75
2058,1811,159.85
2059,7890,143.34
2060,7968,151.68
2061,3680,141.4
2062,7762,81.9
2063,1955,87.25
2064,8112,123.75
2065,1971,123.75
2066,1617,117.21
2067,3648,281.75
2068,6113,123.75
2069,1649,133.4
2070,4066,186.3
2071,9749,145.81
2072,8192,133.4
2073,9733,386.66
2074,4,123.75
2075,6151,123.75
2076,20,156.83
2077,4118,126.53
2078,6167,137.31
2079,4082,103.21
2080,6033,159.85
2081,1923,141.4
2082,3970,154.88
2083,5921,117.21
2084,3792,196.27
2085,9925,123.75
2086,3776,141.4
2087,9909,123.75
2088,1827,123.75
2089,5937,133.4
2090,1713,133.4
2091,9893,117.21
2092,8032,117.21
2093,5795,133.4
2094,7842,152.75
2095,5985,133.4
2096,3938,154.88
2097,1681,125.46
2098,8064,123.75
2099,6017,123.75
2100,3728,133.4
2101,7794,87.25
2102,36,123.75
2103,2051,123.75
2104,3232,132.5
2105,8656,154.88
2106,7143,123.75
2107,1012,150.56
2108,689,133.4
2109,2736,103.21
2110,9216,133.4
2111,8869,145.81
2112,4771,151.68
2113,1028,133.4
2114,5094,103.21
2115,2720,123.75
2116,4755,141.4
2117,1044,145.81
2118,6802,196.27
2119,657,123.75
2120,7191,123.75
2121,9248,123.75
2122,3109,117.21
2123,2688,87.25
2124,8853,133.4
2125,9264,330.05
2126,996,150.65
2127,8885,123.75
2128,2965,132.82
2129,769,117.21
2130,5030,103.21
2131,7079,117.21
2132,9136,117.21
2133,948,123.75
2134,4851,133.4
2135,5046,141.4
2136,6834,151.68
2137,753,141.4
2138,3013,133.4
2139,9168,186.3
2140,8933,123.75
2141,3029,133.4
2142,737,123.75
2143,5078,143.34
2144,4819,126.0
2145,8901,152.75
2146,9152,154.88
2147,1076,141.4
2148,6770,123.75
2149,4707,87.25
2150,4627,672.59
2151,9408,125.46
2152,3269,133.4
2153,5318,123.75
2154,8709,154.88
2155,4611,150.65
2156,3301,117.21
2157,9456,133.4
2158,5302,117.21
2159,1268,133.4
2160,8677,154.88
2161,4579,133.4
2162,6626,87.25
2163,3349,81.9
2164,5398,269.1
2165,6610,123.75
2166,9504,133.4
2167,1316,103.21
2168,513,132.82
2169,6690,117.21
2170,7335,116.19
2171,5286,137.31
2172,3125,123.75
2173,7223,103.21
2174,2656,123.75
2175,1092,143.34
2176,5190,386.66
2177,593,133.4
2178,2640,137.31
2179,8773,87.25
2180,5254,133.4
2181,7303,108.48
2182,9360,117.21
2183,4675,125.84
2184,577,117.21
2185,2624,117.21
2186,8757,133.4
2187,7319,133.4
2188,6706,123.75
2189,9376,123.75
2190,3237,125.46
2191,916,137.31
2192,3216,137.31
2193,2933,123.75
2194,785,133.4
2195,2629,150.65
2196,6727,156.83
2197,1073,123.75
2198,4694,117.21
2199,6743,141.4
2200,1057,81.9
2201,3104,125.46
2202,5139,141.4
2203,5171,117.21
2204,6759,123.75
2205,8816,103.21
2206,3056,154.88
2207,7122,123.75
2208,628,154.88
2209,2677,123.75
2210,6775,87.25
2211,2693,159.85
2212,660,154.88
2213,3088,133.4
2214,3024,117.21
2215,9269,133.4
2216,2613,161.0
2217,2517,133.4
2218,3200,141.4
2219,7282,117.21
2220,484,123.75
2221,9317,81.9
2222,4582,159.85
2223,6631,154.88
2224,1121,151.68
2225,4662,150.65
2226,4598,126.0
2227,4614,123.75
2228,5203,150.65
2229,7250,87.25
2230,5187,145.81
2231,4630,117.21
2232,6679,143.51
2233,2597,276.0
2234,4646,123.75
2235,3168,133.4
2236,8864,133.4
2237,3008,126.0
2238,9141,133.4
2239,9008,117.21
2240,820,123.75
2241,4963,196.27
2242,6967,141.4
2243,9024,117.21
2244,2912,123.75
2245,9040,196.27
2246,849,123.75
2247,2928,196.27
2248,6978,123.75
2249,9013,133.4
2250,6962,133.4
2251,5936,133.4
2252,8997,123.75
2253,4899,151.68
2254,8981,126.0
2255,884,123.75
2256,6930,123.75
2257,833,123.75
2258,8992,137.31
2259,881,145.81
2260,788,130.87
2261,692,133.4
2262,8896,103.21
2263,2757,133.4
2264,5043,151.68
2265,6855,137.31
2266,8912,130.87
2267,9125,117.21
2268,7074,133.4
2269,724,117.21
2270,9109,154.88
2271,7058,117.21
2272,4822,133.4
2273,913,117.21
2274,740,123.75
2275,7042,137.31
2276,7026,143.34
2277,6887,143.34
2278,756,123.75
2279,8960,245.38
2280,2832,196.27
2281,3365,133.4
2282,8198,123.75
2283,9783,123.75
2284,1202,117.21
2285,8615,132.5
2286,4529,151.68
2287,2482,133.4
2288,1186,133.4
2289,3219,133.4
2290,6592,103.21
2291,2498,123.75
2292,5312,143.34
2293,6608,196.27
2294,467,132.5
2295,5264,154.88
2296,1154,117.21
2297,8663,133.4
2298,6624,103.21
2299,4577,154.88
2300,3187,177.8
2301,1138,123.75
2302,4561,133.4
2303,6640,159.85
2304,7361,63.71
2305,4481,154.88
2306,3363,103.21
2307,275,123.75
2308,4385,123.75
2309,2338,132.5
2310,1314,117.21
2311,7457,426.36
2312,291,117.21
2313,6448,143.34
2314,1218,133.4
2315,7441,81.9
2316,2370,117.21
2317,1266,123.75
2318,7409,196.27
2319,7393,87.25
2320,1234,156.83
2321,4465,154.88
2322,6528,133.4
2323,3267,123.75
2324,307,151.68
2325,4593,123.75
2326,2546,150.65
2327,3155,123.75
2328,978,87.25
2329,9142,123.75
2330,946,123.75
2331,2979,151.68
2332,2963,123.75
2333,6832,123.75
2334,2738,80.47
2335,691,154.88
2336,8839,156.83
2337,898,126.53
2338,2931,123.75
2339,6864,123.75
2340,2899,132.5
2341,850,133.4
2342,6993,151.68
2343,723,117.21
2344,8919,123.75
2345,834,117.21
2346,2754,143.51
2347,6784,152.75
2348,611,141.4
2349,2658,133.4
2350,7249,103.21
2351,5200,152.75
2352,7233,196.27
2353,5184,123.75
2354,9270,123.75
2355,1074,123.75
2356,9238,133.4
2357,5136,151.68
2358,6688,87.25
2359,9222,133.4
2360,6704,103.21
2361,3059,133.4
2362,579,126.0
2363,5104,191.66
2364,6736,196.27
2365,2642,143.34
2366,6752,141.4
2367,994,133.4
2368,5088,141.4
2369,3379,141.4
2370,8935,143.51
2371,6400,133.4
2372,5456,123.75
2373,1730,211.28
2374,2002,154.88
2375,1714,123.75
2376,4051,177.8
2377,8161,123.75
2378,7857,137.31
2379,1698,159.85
2380,7825,87.25
2381,1986,123.75
2382,5776,151.68
2383,1666,
2384,4097,132.82
2385,8199,132.82
2386,2066,123.75
2387,9846,123.75
2388,6176,133.4
2389,3699,87.25
2390,1650,74.75
2391,4083,133.4
2392,2082,176.92
2393,4019,281.75
2394,5840,196.27
2395,7969,133.4
2396,7985,196.27
2397,3859,123.75
2398,1842,103.21
2399,9990,81.9
2400,3907,123.75
2401,1874,132.5
2402,5984,151.68
2403,3779,156.83
2404,7937,151.68
2405,8049,123.75
2406,1922,87.25
2407,1938,117.21
2408,6048,141.4
2409,4003,161.0
2410,6064,151.68
2411,9942,141.4
2412,1746,154.88
2413,3939,386.66
2414,5744,123.75
2415,4145,123.75
2416,2098,145.81
2417,6336,117.21
2418,3555,117.21
2419,7649,123.75
2420,2242,117.21
2421,9686,117.21
2422,195,125.46
2423,6352,103.21
2424,3523,152.75
2425,9718,116.19
2426,9654,133.4
2427,2274,123.75
2428,3475,63.71
2429,9606,123.75
2430,9590,123.75
2431,1394,123.75
2432,4337,133.4
2433,9574,281.75
2434,8439,123.75
2435,9622,133.4
2436,7681,151.68
2437,3587,150.65
2438,8375,133.4
2439,3667,141.4
2440,51,117.21
2441,1618,81.9
2442,8263,141.4
2443,8279,154.88
2444,4193,133.4
2445,8311,81.9
2446,5712,281.75
2447,2178,141.4
2448,131,123.75
2449,7745,196.27
2450,3635,87.25
2451,5680,123.75
2452,8327,136.94
2453,3619,133.4
2454,1570,123.75
2455,5664,133.4
2456,5648,154.88
2457,163,322.29
2458,5440,117.21
2459,4112,132.49
2460,2802,133.4
2461,4865,141.4
2462,7424,123.75
2463,5377,123.75
2464,3330,306.87
2465,9479,123.75
2466,6449,161.0
2467,1299,133.4
2468,9495,152.75
2469,8486,117.21
2470,4416,123.75
2471,1315,154.88
2472,274,132.82
2473,5425,133.4
2474,9527,143.34
2475,7488,123.75
2476,4368,133.4
2477,3394,123.75
2478,7504,81.9
2479,258,151.68
2480,9511,123.75
2481,6401,123.75
2482,9463,117.21
2483,1267,133.4
2484,2451,123.75
2485,8582,154.88
2486,5297,152.75
2487,3250,108.48
2488,2435,133.4
2489,7360,172.5
2490,6529,154.88
2491,4464,117.21
2492,2387,145.81
2493,5313,152.75
2494,3282,132.82
2495,1235,125.46
2496,9431,154.88
2497,1251,151.68
2498,9447,133.4
2499,7408,136.94
2500,6497,133.4
2501,8534,103.21
2502,7376,154.88
2503,8438,196.27
2504,2291,154.88
2505,4336,87.25
2506,3506,132.82
2507,1459,133.4
2508,9655,141.4
2509,5569,87.25
2510,6257,123.75
2511,1475,123.75
2512,1491,63.71
2513,98,137.31
2514,5553,123.75
2515,6241,125.46
2516,4192,133.4
2517,4144,154.88
2518,8214,143.34
2519,1523,123.75
2520,7696,117.21
2521,5649,123.75
2522,5665,141.4
2523,5681,117.21
2524,5601,117.21
2525,4224,133.4
2526,130,672.59
2527,8326,276.0
2528,9559,87.25
2529,226,125.46
2530,7536,123.75
2531,6369,150.65
2532,8406,141.4
2533,7552,154.88
2534,210,87.25
2535,3458,141.4
2536,7568,151.68
2537,8390,117.21
2538,194,117.21
2539,7584,108.48
2540,178,117.21
2541,8358,132.82
2542,162,133.4
2543,2195,150.65
2544,1443,151.68
2545,6289,154.88
2546,4240,137.31
2547,9367,123.75
2548,6977,123.75
2549,418,156.83
2550,7312,150.65
2551,4961,159.85
2552,867,141.4
2553,4977,125.46
2554,754,123.75
2555,6881,133.4
2556,883,123.75
2557,722,159.85
2558,8870,281.75
2559,9047,123.75
2560,2707,117.21
2561,658,151.68
2562,4752,125.46
2563,4993,152.75
2564,2675,123.75
2565,8806,152.75
2566,9095,123.75
2567,7056,143.34
2568,6753,133.4
2569,7040,133.4
2570,5009,672.59
2571,2803,123.75
2572,4880,154.88
2573,771,154.88
2574,8967,154.88
2575,2867,154.88
2576,787,123.75
2577,818,386.66
2578,6961,133.4
2579,8998,133.4
2580,802,156.83
2581,4864,151.68
2582,6944,145.81
2583,6945,141.4
2584,6960,143.51
2585,2866,143.51
2586,4929,133.4
2587,2882,150.65
2588,4945,123.75
2589,2898,133.4
2590,851,132.5
2591,4897,133.4
2592,2962,81.9
2593,7072,103.21
2594,5041,123.75
2595,5153,156.83
2596,2547,117.21
2597,482,133.4
2598,5169,123.75
2599,3122,123.75
2600,5185,87.25
2601,9287,123.75
2602,6625,132.49
2603,4608,
2604,3154,117.21
2605,4576,103.21
2606,9319,176.92
2607,6609,133.4
2608,8646,103.21
2609,2499,145.81
2610,5249,123.75
2611,6593,125.46
2612,2483,123.75
2613,7264,133.4
2614,5137,137.31
2615,7184,123.75
2616,1027,123.75
2617,2994,133.4
2618,4672,133.4
2619,8758,133.4
2620,2611,117.21
2621,562,123.75
2622,963,196.27
2623,8742,123.75
2624,2595,117.21
2625,546,123.75
2626,5073,117.21
2627,9175,117.21
2628,3042,332.35
2629,4640,123.75
2630,2579,125.46
2631,995,196.27
2632,5105,126.53
2633,4624,154.88
2634,6657,133.4
2635,3074,132.49
2636,1171,145.81
2637,2512,133.4
2638,9072,132.82
2639,549,145.81
2640,1088,176.92
2641,9268,143.34
2642,7219,123.75
2643,5170,152.75
2644,1072,133.4
2645,9252,123.75
2646,5154,267.52
2647,5202,123.75
2648,5138,123.75
2649,7171,103.21
2650,9204,117.21
2651,8897,196.27
2652,3057,123.75
2653,8913,133.4
2654,725,145.81
2655,9188,133.4
2656,1040,152.75
2657,645,132.82
2658,2692,154.88
2659,4727,133.4
2660,7315,159.85
2661,8769,123.75
2662,581,151.68
2663,3201,471.45
2664,6726,143.34
2665,4679,125.46
2666,6742,133.4
2667,5234,123.75
2668,3185,281.75
2669,9316,159.85
2670,7267,143.34
2671,2660,150.65
2672,5218,151.68
2673,6758,123.75
2674,2676,117.21
2675,629,150.56
2676,1120,123.75
2677,7139,136.94
2678,2612,132.53
2679,4823,154.88
2680,7123,123.75
2681,2884,123.75
2682,837,154.88
2683,9041,143.51
2684,4914,133.4
2685,4898,152.75
2686,9057,87.25
2687,2916,133.4
2688,832,141.4
2689,869,143.34
2690,6931,660.94
2691,768,123.75
2692,4983,154.88
2693,6899,133.4
2694,4999,132.49
2695,9105,116.19
2696,2964,123.75
2697,800,133.4
2698,9025,137.31
2699,2881,117.21
2700,6966,133.4
2701,6886,123.75
2702,4839,123.75
2703,8945,145.81
2704,5074,151.68
2705,7091,123.75
2706,944,117.21
2707,896,123.75
2708,2929,672.59
2709,2820,123.75
2710,880,123.75
2711,9060,145.81
2712,8977,145.81
2713,7011,123.75
2714,2913,133.4
2715,864,133.4
2716,2868,133.4
2717,821,81.9
2718,3041,123.75
2719,9364,141.4
2720,1184,125.46
2721,8737,133.4
2722,9588,103.21
2723,7539,123.75
2724,1392,123.75
2725,7523,133.4
2726,8529,211.28
2727,1376,117.21
2728,341,150.65
2729,3457,125.46
2730,2404,123.75
2731,7491,117.21
2732,8561,123.75
2733,5426,132.49
2734,8577,151.68
2735,3377,137.31
2736,2436,87.25
2737,6534,123.75
2738,1360,141.4
2739,9604,145.81
2740,9620,245.38
2741,7587,133.4
2742,1504,132.49
2743,2308,132.5
2744,9684,133.4
2745,8465,117.21
2746,7635,152.75
2747,277,125.46
2748,6422,133.4
2749,9668,150.56
2750,4375,133.4
2751,2340,143.34
2752,293,137.31
2753,6438,123.75
2754,309,117.21
2755,7619,126.0
2756,5570,117.21
2757,1456,123.75
2758,2372,117.21
2759,9492,123.75
2760,405,87.25
2761,6550,211.28
2762,8609,150.65
2763,8673,133.4
2764,3265,103.21
2765,1216,87.25
2766,2532,154.88
2767,9396,135.41
2768,5298,103.21
2769,8689,154.88
2770,1200,141.4
2771,501,123.75
2772,9380,132.49
2773,2564,154.88
2774,6662,133.4
2775,4615,117.21
2776,2580,145.81
2777,533,143.34
2778,5282,141.4
2779,3233,152.75
2780,1232,811.95
2781,917,152.75
2782,3281,117.21
2783,5330,117.21
2784,2468,159.85
2785,7443,117.21
2786,3345,103.21
2787,8625,123.75
2788,2484,125.46
2789,7427,154.88
2790,3329,123.75
2791,6582,132.49
2792,4535,123.75
2793,1280,123.75
2794,8641,143.34
2795,2500,123.75
2796,9444,151.68
2797,7395,133.4
2798,6598,123.75
2799,9428,123.75
2800,7379,123.75
2801,2516,154.88
2802,4850,81.9
2803,6883,133.4
2804,6867,123.75
2805,8404,133.4
2806,9809,87.25
2807,6355,306.87
2808,4306,81.9
2809,5735,141.4
2810,2257,108.48
2811,208,117.21
2812,5687,103.21
2813,7798,145.81
2814,2241,145.81
2815,7814,123.75
2816,5767,154.88
2817,8372,196.27
2818,9873,123.75
2819,6323,123.75
2820,6307,80.47
2821,9857,150.65
2822,5671,123.75
2823,1573,133.4
2824,4338,143.34
2825,9649,117.21
2826,4402,117.21
2827,9665,87.25
2828,2353,80.47
2829,7622,154.88
2830,8484,151.68
2831,6435,74.75
2832,1493,159.85
2833,5591,133.4
2834,2337,159.85
2835,8468,123.75
2836,1525,154.88
2837,6419,154.88
2838,8452,117.21
2839,4354,145.81
2840,9729,145.81
2841,1541,133.4
2842,7830,133.4
2843,4258,123.75
2844,5783,123.75
2845,2209,132.49
2846,5943,133.4
2847,4162,133.4
2848,8006,103.21
2849,64,133.4
2850,8244,87.25
2851,3924,123.75
2852,4146,141.4
2853,6179,108.48
2854,8054,145.81
2855,6023,132.82
2856,2081,123.75
2857,32,117.21
2858,3988,150.56
2859,4004,159.85
2860,6163,123.75
2861,1957,141.4
2862,2065,123.75
2863,7990,123.75
2864,1445,150.65
2865,8260,152.75
2866,4178,306.87
2867,4242,141.4
2868,2193,133.4
2869,9889,152.75
2870,4210,133.4
2871,3764,151.68
2872,8292,152.75
2873,1733,80.47
2874,4194,80.47
2875,7894,117.21
2876,1765,117.21
2877,96,150.65
2878,7910,117.21
2879,9969,141.4
2880,1781,135.41
2881,7958,133.4
2882,3876,152.75
2883,1829,133.4
2884,80,156.83
2885,9700,103.21
2886,3476,145.81
2887,8516,276.0
2888,5127,123.75
2889,3092,133.4
2890,7190,132.5
2891,9265,133.4
2892,8820,123.75
2893,624,154.88
2894,7222,211.82
2895,7174,123.75
2896,8772,108.48
2897,1109,196.27
2898,6723,154.88
2899,6707,123.75
2900,560,151.68
2901,3220,123.75
2902,5271,123.75
2903,9377,117.21
2904,3156,87.25
2905,1029,123.75
2906,4754,161.0
2907,6803,151.68
2908,6851,141.4
2909,9137,145.81
2910,8884,117.21
2911,6835,137.31
2912,4786,123.75
2913,3012,152.75
2914,5063,152.75
2915,9169,161.0
2916,7126,322.29
2917,9185,123.75
2918,8868,123.75
2919,5095,133.4
2920,6819,154.88
2921,2721,151.68
2922,5111,133.4
2923,8852,133.4
2924,3076,191.66
2925,3236,152.75
2926,4642,145.81
2927,8724,123.75
2928,4626,137.31
2929,400,276.0
2930,3364,126.0
2931,5415,117.21
2932,9537,150.65
2933,6531,141.4
2934,7494,117.21
2935,8564,123.75
2936,9553,154.88
2937,4466,123.75
2938,2417,150.65
2939,368,123.75
2940,4450,133.4
2941,352,87.25
2942,6483,123.75
2943,5479,123.75
2944,4434,150.65
2945,7542,87.25
2946,432,132.5
2947,6467,133.4
2948,6579,108.48
2949,1301,150.65
2950,3252,141.4
2951,528,143.34
2952,7366,132.82
2953,6643,117.21
2954,1237,125.46
2955,5335,150.65
2956,2529,133.4
2957,7398,156.83
2958,4562,151.68
2959,5351,217.86
2960,1269,133.4
2961,2513,117.21
2962,464,133.4
2963,6595,154.88
2964,4546,123.75
2965,2497,117.21
2966,3348,152.75
2967,448,133.4
2968,1520,123.75
2969,1826,133.4
2970,4435,159.85
2971,1904,123.75
2972,8119,133.4
2973,1604,156.83
2974,3653,191.66
2975,4005,177.8
2976,1620,176.92
2977,1956,123.75
2978,6386,133.4
2979,1920,125.46
2980,6018,108.48
2981,3429,152.75
2982,3985,133.4
2983,1968,123.75
2984,8115,123.75
2985,8421,103.21
2986,5718,276.0
2987,6098,150.65
2988,6022,141.4
2989,4065,133.4
2990,7767,87.25
2991,1924,117.21
2992,9824,123.75
2993,5446,103.21
2994,5734,123.75
2995,9568,151.68
2996,3921,123.75
2997,6130,137.31
2998,1872,117.21
2999,5954,212.75
3000,6198,123.75
3001,2100,117.21
3002,6166,150.65
3003,8453,123.75
3004,7703,133.4
3005,1572,150.65
3006,2068,103.21
3007,1760,123.75
3008,3621,123.75
3009,6150,133.4
3010,5890,87.25
3011,5430,133.4
3012,7479,159.85
3013,7955,74.75
3014,2464,145.81
3015,8193,196.27
3016,6402,137.31
3017,7971,87.25
3018,7719,133.4
3019,8437,130.87
3020,9776,117.21
3021,3813,87.25
3022,3637,672.59
3023,1856,123.75
3024,7735,161.0
3025,9792,133.4
3026,8039,133.4
3027,5990,126.0
3028,3941,133.4
3029,8277,154.88
3030,1716,133.4
3031,6338,123.75
3032,2144,150.56
3033,193,154.88
3034,6242,123.75
3035,5926,123.75
3036,2416,159.85
3037,7959,137.31
3038,6322,117.21
3039,3861,123.75
3040,113,117.21
3041,2224,123.75
3042,8325,123.75
3043,9984,81.9
3044,4259,133.4
3045,8565,141.4
3046,2432,150.65
3047,2208,133.4
3048,2192,132.82
3049,1764,151.68
3050,1780,117.21
3051,5634,154.88
3052,4243,123.75
3053,5862,133.4
3054,1844,123.75
3055,4291,123.75
3056,3893,123.75
3057,1860,126.53
3058,6146,154.88
3059,5750,150.65
3060,6162,143.34
3061,385,151.68
3062,4115,133.4
3063,8023,123.75
3064,3925,117.21
3065,2080,123.75
3066,8549,133.4
3067,1684,154.88
3068,6370,150.65
3069,225,135.41
3070,2320,123.75
3071,1876,87.25
3072,4147,133.4
3073,7831,123.75
3074,2272,156.83
3075,8245,123.75
3076,8405,133.4
3077,7847,123.75
3078,9552,133.4
3079,3909,74.75
3080,2128,132.82
3081,1364,81.9
3082,3477,133.4
3083,4307,123.75
3084,5782,143.51
3085,7891,132.5
3086,1588,159.85
3087,9664,132.5
3088,3509,145.81
3089,2212,154.88
3090,1696,133.4
3091,2480,196.27
3092,6310,145.81
3093,85,196.27
3094,2132,117.21
3095,6294,103.21
3096,353,156.83
3097,5606,154.88
3098,1584,87.25
3099,3761,87.25
3100,7655,133.4
3101,8273,123.75
3102,5810,74.75
3103,4263,126.0
3104,2352,103.21
3105,6214,145.81
3106,7827,145.81
3107,5682,176.92
3108,6278,123.75
3109,7607,143.51
3110,3649,133.4
3111,8501,152.75
3112,2180,143.34
3113,6434,87.25
3114,1476,117.21
3115,9680,145.81
3116,9812,132.49
3117,4531,117.21
3118,7795,217.86
3119,3525,132.82
3120,1600,141.4
3121,9780,133.4
3122,7623,103.21
3123,8533,133.4
3124,117,141.4
3125,6326,143.34
3126,3745,151.68
3127,8417,143.51
3128,5526,123.75
3129,3777,177.8
3130,9520,141.4
3131,1744,154.88
3132,5542,123.75
3133,8629,123.75
3134,6342,133.4
3135,197,340.0
3136,6482,117.21
3137,2244,386.66
3138,5622,123.75
3139,1524,123.75
3140,5510,340.0
3141,9732,186.3
3142,2384,123.75
3143,7859,123.75
3144,7699,80.47
3145,8485,141.4
3146,3601,123.75
3147,7671,154.88
3148,5316,133.4
3149,5316,133.4
3150,4298,132.49
3151,4298,132.49
3152,5798,133.4
3153,5798,133.4
3154,8974,133.4
3155,8974,133.4
3156,3886,125.46
3157,3886,125.46
3158,5236,133.4
3159,5236,133.4
3160,6929,133.4
3161,6929,133.4
3162,9015,123.75
3163,9015,123.75
3164,9111,133.4
3165,9111,133.4
3166,778,125.46
3167,778,125.46
3168,8702,123.75
3169,8702,123.75
3170,1179,117.21
3171,1179,117.21
3172,4564,80.47
3173,4564,80.47
3174,7276,141.4
3175,7276,141.4
3176,786,137.51
3177,786,137.51
3178,4273,133.4
3179,4273,133.4
3180,8976,133.4
3181,8976,133.4
3182,9361,133.4
3183,9361,133.4
3184,4110,151.68
3185,4110,151.68
3186,8642,137.31
3187,8642,137.31
3188,594,281.75
3189,594,281.75
3190,179,151.68
3191,179,151.68
3192,9339,125.46
3193,9339,125.46
3194,1055,132.49
3195,1055,132.49
3196,6509,154.88
3197,6509,154.88
3198,4896,116.19
3199,4896,116.19
3200,6787,145.18
3201,6787,145.18
3202,959,133.4
3203,959,133.4
3204,140,123.75
3205,140,123.75
3206,1067,117.21
3207,1067,117.21
3208,2739,154.88
3209,2739,154.88
3210,3114,137.31
3211,3114,137.31
3212,6589,135.41
3213,6589,135.41
3214,1197,133.4
3215,1197,133.4
3216,4925,103.21
3217,4925,103.21
3218,2691,386.66
3219,2691,386.66
3220,6785,150.65
3221,6785,150.65
3222,2930,132.82
3223,2930,132.82
3224,342,117.21
3225,342,117.21
3226,9474,80.47
3227,9474,80.47
3228,7413,154.88
3229,7413,154.88
3230,9330,133.4
3231,9330,133.4
3232,2795,386.66
3233,2795,386.66
3234,3788,123.75
3235,3788,123.75
3236,9063,123.75
3237,9063,123.75
3238,1045,212.75
3239,1045,212.75
3240,5159,123.75
3241,5159,123.75
3242,4950,150.65
3243,4950,150.65
3244,5584,660.94
3245,5584,660.94
3246,4027,152.75
3247,4027,152.75
3248,5558,117.21
3249,5558,117.21
3250,4746,133.4
3251,4746,133.4
3252,3868,386.66
3253,3868,386.66
3254,4738,159.85
3255,4738,159.85
3256,1538,133.4
3257,1538,133.4
3258,4768,141.4
3259,4768,141.4
3260,1224,103.21
3261,1224,103.21
3262,438,133.4
3263,438,133.4
3264,6288,154.88
3265,6288,154.88
3266,7352,135.41
3267,7352,135.41
3268,7577,150.65
3269,7577,150.65
3270,6738,133.4
3271,6738,133.4
3272,3579,103.21
3273,3579,103.21
3274,1501,152.75
3275,1501,152.75
3276,4497,141.4
3277,4497,141.4
3278,3061,132.5
3279,3061,132.5
3280,2303,133.4
3281,2303,133.4
3282,5018,133.4
3283,5018,133.4
3284,1290,123.75
3285,1290,123.75
3286,9871,133.4
3287,9871,133.4
3288,4609,133.4
3289,4609,133.4
3290,7832,177.8
3291,7832,177.8
3292,6786,133.4
3293,6786,133.4
3294,1343,126.0
3295,1343,126.0
3296,2327,159.85
3297,2327,159.85
3298,8266,145.81
3299,8266,145.81
3300,8567,133.4
3301,8567,133.4
3302,1578,154.88
3303,1578,154.88
3304,1178,123.75
3305,1178,123.75
3306,6450,133.4
3307,6450,133.4
3308,2970,150.56
3309,2970,150.56
3310,2727,123.75
3311,2727,123.75
3312,3748,133.4
3313,3748,133.4
3314,3428,166.32
3315,3428,166.32
3316,8410,133.4
3317,8410,133.4
3318,4545,133.4
3319,4545,133.4
3320,5511,125.46
3321,5511,125.46
3322,6451,87.25
3323,6451,87.25
3324,6259,123.75
3325,6259,123.75
3326,1499,281.75
3327,1499,281.75
3328,7676,123.75
3329,7676,123.75
3330,5629,117.21
3331,5629,117.21
3332,4388,123.75
3333,4388,123.75
3334,7736,133.4
3335,7736,133.4
3336,9791,276.0
3337,9791,276.0
3338,3582,143.51
3339,3582,143.51
3340,5216,125.46
3341,5216,125.46
3342,7596,133.4
3343,7596,133.4
3344,9807,141.4
3345,9807,141.4
3346,5853,135.41
3347,5853,135.41
3348,3573,123.75
3349,3573,123.75
3350,8988,133.4
3351,8988,133.4
3352,8442,141.4
3353,8442,141.4
3354,2311,152.75
3355,2311,152.75
3356,350,133.4
3357,350,133.4
3358,8490,151.68
3359,8490,151.68
3360,4339,141.4
3361,4339,141.4
3362,1693,117.21
3363,1693,117.21
3364,1615,117.21
3365,1615,117.21
3366,8949,152.75
3367,8949,152.75
3368,7783,133.4
3369,7783,133.4
3370,5725,108.48
3371,5725,108.48
3372,1823,133.4
3373,1823,133.4
3374,8738,133.4
3375,8738,133.4
3376,3268,141.4
3377,3268,141.4
3378,9803,141.4
3379,9803,141.4
3380,4628,133.4
3381,4628,133.4
3382,5791,126.0
3383,5791,126.0
3384,1243,123.75
3385,1243,123.75
3386,3173,150.65
3387,3173,150.65
3388,7799,132.82
3389,7799,132.82
3390,9856,150.56
3391,9856,150.56
3392,5222,152.75
3393,5222,152.75
3394,1963,137.31
3395,1963,137.31
3396,3684,117.21
3397,3684,117.21
3398,1605,126.0
3399,1605,126.0
3400,3914,196.27
3401,3914,196.27
3402,7702,137.31
3403,7702,137.31
3404,914,133.4
3405,914,133.4
3406,5497,154.88
3407,5497,154.88
3408,1032,123.75
3409,1032,123.75
3410,4161,133.4
3411,4161,133.4
3412,5224,133.4
3413,5224,133.4
3414,7430,123.75
3415,7430,123.75
3416,1114,154.88
3417,1114,154.88
3418,5704,123.75
3419,5704,123.75
3420,2367,125.46
3421,2367,125.46
3422,5001,133.4
3423,5001,133.4
3424,4156,123.75
3425,4156,123.75
3426,8725,125.46
3427,8725,125.46
3428,614,132.5
3429,614,132.5
3430,4428,137.31
3431,4428,137.31
3432,4769,123.75
3433,4769,123.75
3434,7992,150.56
3435,7992,150.56
3436,7189,133.4
3437,7189,133.4
3438,8284,133.4
3439,8284,133.4
3440,6741,133.4
3441,6741,133.4
3442,8420,150.65
3443,8420,150.65
3444,272,87.25
3445,272,87.25
3446,7812,133.4
3447,7812,133.4
3448,4442,133.4
3449,4442,133.4
3450,6924,135.41
3451,6924,135.41
3452,7290,87.25
3453,7290,87.25
3454,6504,133.4
3455,6504,133.4
3456,2390,150.65
3457,2390,150.65
3458,5395,133.4
3459,5395,133.4
3460,4777,152.75
3461,4777,152.75
3462,6170,133.4
3463,6170,133.4
3464,8018,133.4
3465,8018,133.4
3466,3533,152.75
3467,3533,152.75
3468,4151,117.21
3469,4151,117.21
3470,8579,133.4
3471,8579,133.4
3472,7663,117.21
3473,7663,117.21
3474,9488,133.4
3475,9488,133.4
3476,1747,125.46
3477,1747,125.46
3478,7933,154.88
3479,7933,154.88
3480,2389,133.4
3481,2389,133.4
3482,7695,133.4
3483,7695,133.4
3484,667,117.21
3485,667,117.21
3486,7268,123.75
3487,7268,123.75
3488,9975,108.48
3489,9975,108.48
3490,3048,281.75
3491,3048,281.75
3492,6536,152.75
3493,6536,152.75
3494,2698,117.21
3495,2698,117.21
3496,6566,137.31
3497,6566,137.31
3498,9341,133.4
3499,9341,133.4
3500,2984,117.21
3501,2984,117.21
3502,1909,152.75
3503,1909,152.75
3504,2437,133.4
3505,2437,133.4
3506,4538,133.4
3507,4538,133.4
3508,3028,126.0
3509,3028,126.0
3510,6134,117.21
3511,6134,117.21
3512,8693,133.4
3513,8693,133.4
3514,8113,150.65
3515,8113,150.65
3516,9751,154.88
3517,9751,154.88
3518,1824,133.4
3519,1824,133.4
3520,5278,276.0
3521,5278,276.0
3522,2544,141.4
3523,2544,141.4
3524,6124,143.51
3525,6124,143.51
3526,4277,135.41
3527,4277,135.41
3528,557,117.21
3529,557,117.21
3530,5363,133.4
3531,5363,133.4
3532,9453,135.41
3533,9453,135.41
3534,5872,133.4
3535,5872,133.4
3536,3956,141.4
3537,3956,141.4
3538,1944,161.0
3539,1944,161.0
3540,9464,152.75
3541,9464,152.75
3542,2548,176.92
3543,2548,176.92
3544,9480,132.5
3545,9480,132.5
3546,9940,137.31
3547,9940,137.31
3548,5422,151.68
3549,5422,151.68
3550,6058,150.65
3551,6058,150.65
3552,5228,133.4
3553,5228,133.4
3554,411,117.21
3555,411,117.21
3556,1712,125.46
3557,1712,125.46
3558,503,141.4
3559,503,141.4
3560,8001,133.4
3561,8001,133.4
3562,3632,152.75
3563,3632,152.75
3564,6039,151.68
3565,6039,151.68
3566,4410,133.4
3567,4410,133.4
3568,1409,141.4
3569,1409,141.4
3570,2328,125.46
3571,2328,125.46
3572,1472,133.4
3573,1472,133.4
3574,2774,81.9
3575,2774,81.9
3576,2600,123.75
3577,2600,123.75
3578,935,133.4
3579,935,133.4
3580,7682,141.4
3581,7682,141.4
3582,2044,117.21
3583,2044,117.21
3584,5523,154.88
3585,5523,154.88
3586,4587,156.83
3587,4587,156.83
3588,5516,133.4
3589,5516,133.4
3590,213,123.75
3591,213,123.75
3592,245,133.4
3593,245,133.4
3594,4917,87.25
3595,4917,87.25
3596,425,133.4
3597,425,133.4
3598,8345,126.0
3599,8345,126.0
3600,6554,153.6
3601,6554,153.6
3602,1536,137.31
3603,1536,137.31
3604,6664,123.75
3605,6664,123.75
3606,2726,126.0
3607,2726,126.0
3608,6135,136.94
3609,6135,136.94
3610,1601,134.04
3611,1601,134.04
3612,8337,133.4
3613,8337,133.4
3614,7490,125.46
3615,7490,125.46
3616,4613,123.75
3617,4613,123.75
3618,8473,177.8
3619,8473,177.8
3620,2888,126.0
3621,2888,126.0
3622,269,133.4
3623,269,133.4
3624,4713,123.75
3625,4713,123.75
3626,2598,81.9
3627,2598,81.9
3628,2216,141.4
3629,2216,141.4
3630,392,123.75
3631,392,123.75
3632,427,123.75
3633,427,123.75
3634,6724,133.4
3635,6724,133.4
3636,6080,133.4
3637,6080,133.4
3638,1890,151.68
3639,1890,151.68
3640,3094,87.25
3641,3094,87.25
3642,2630,133.4
3643,2630,133.4
3644,7805,133.4
3645,7805,133.4
3646,8803,133.4
3647,8803,133.4
3648,5458,152.75
3649,5458,152.75
3650,9556,141.4
3651,9556,141.4
3652,9813,87.25
3653,9813,87.25
3654,9203,161.0
3655,9203,161.0
3656,7140,87.25
3657,7140,87.25
3658,3949,137.31
3659,3949,137.31
3660,2728,87.25
3661,2728,87.25
3662,5779,133.4
3663,5779,133.4
3664,4141,123.75
3665,4141,123.75
3666,1168,123.75
3667,1168,123.75
3668,4377,125.46
3669,4377,125.46
3670,1139,87.25
3671,1139,87.25
3672,8370,152.75
3673,8370,152.75
3674,7749,132.49
3675,7749,132.49
3676,3655,108.48
3677,3655,108.48
3678,8826,137.31
3679,8826,137.31
3680,4654,172.5
3681,4654,172.5
3682,9044,133.4
3683,9044,133.4
3684,6233,133.4
3685,6233,133.4
3686,7652,125.46
3687,7652,125.46
3688,7344,133.4
3689,7344,133.4
3690,4686,133.4
3691,4686,133.4
3692,3703,133.4
3693,3703,133.4
3694,4718,117.21
3695,4718,117.21
3696,789,154.88
3697,789,154.88
3698,6185,133.4
3699,6185,133.4
3700,7829,133.4
3701,7829,133.4
3702,6169,133.4
3703,6169,133.4
3704,2685,132.82
3705,2685,132.82
3706,386,137.31
3707,386,137.31
3708,4088,172.5
3709,4088,172.5
3710,1528,141.4
3711,1528,141.4
3712,7299,123.75
3713,7299,123.75
3714,4605,123.75
3715,4605,123.75
3716,1590,136.94
3717,1590,136.94
3718,6918,133.4
3719,6918,133.4
3720,8382,123.75
3721,8382,123.75
3722,2865,117.21
3723,2865,117.21
3724,8714,116.19
3725,8714,116.19
3726,2789,145.81
3727,2789,145.81
3728,6160,132.82
3729,6160,132.82
3730,536,141.4
3731,536,141.4
3732,8590,108.48
3733,8590,108.48
3734,2365,133.4
3735,2365,133.4
3736,7764,123.75
3737,7764,123.75
3738,8574,87.25
3739,8574,87.25
3740,2750,117.21
3741,2750,117.21
3742,8558,123.75
3743,8558,123.75
3744,5910,117.21
3745,5910,117.21
3746,8510,132.82
3747,8510,132.82
3748,1400,117.21
3749,1400,117.21
3750,6717,87.25
3751,6717,87.25
3752,4967,151.68
3753,4967,151.68
3754,8778,133.4
3755,8778,133.4
3756,6543,150.65
3757,6543,150.65
3758,2231,123.75
3759,2231,123.75
3760,8678,125.46
3761,8678,125.46
3762,3606,141.4
3763,3606,141.4
3764,9747,123.75
3765,9747,123.75
3766,6591,151.68
3767,6591,151.68
3768,6764,143.34
3769,6764,143.34
3770,1480,117.21
3771,1480,117.21
3772,670,103.21
3773,670,103.21
3774,8566,211.28
3775,8566,211.28
3776,6588,133.4
3777,6588,133.4
3778,1689,133.4
3779,1689,133.4
3780,251,133.4
3781,251,133.4
3782,2708,123.75
3783,2708,123.75
3784,7186,133.4
3785,7186,133.4
3786,8379,132.49
3787,8379,132.49
3788,9868,123.75
3789,9868,123.75
3790,3442,133.4
3791,3442,133.4
3792,9591,133.4
3793,9591,133.4
3794,2206,133.4
3795,2206,133.4
3796,1363,141.4
3797,1363,141.4
3798,1768,133.4
3799,1768,133.4
3800,2560,125.46
3801,2560,125.46
3802,9300,132.5
3803,9300,132.5
3804,1427,123.75
3805,1427,123.75
3806,1577,125.46
3807,1577,125.46
3808,9900,151.68
3809,9900,151.68
3810,6878,133.4
3811,6878,133.4
3812,6615,132.5
3813,6615,132.5
3814,7135,141.4
3815,7135,141.4
3816,5445,133.4
3817,5445,133.4
3818,1104,133.4
3819,1104,133.4
3820,4117,141.4
3821,4117,141.4
3822,2032,133.4
3823,2032,133.4
3824,7234,133.4
3825,7234,133.4
3826,716,87.25
3827,716,87.25
3828,5573,150.56
3829,5573,150.56
3830,7620,133.4
3831,7620,133.4
3832,8550,133.4
3833,8550,133.4
3834,2908,152.75
3835,2908,152.75
3836,9114,143.34
3837,9114,143.34
3838,9272,117.21
3839,9272,117.21
3840,7877,126.0
3841,7877,126.0
3842,2993,123.75
3843,2993,123.75
3844,3944,133.4
3845,3944,133.4
3846,4165,151.68
3847,4165,151.68
3848,4432,156.83
3849,4432,156.83
3850,4602,133.4
3851,4602,133.4
3852,6927,125.46
3853,6927,125.46
3854,7974,132.82
3855,7974,132.82
3856,6943,87.25
3857,6943,87.25
3858,4956,123.75
3859,4956,123.75
3860,287,133.4
3861,287,133.4
3862,4812,123.75
3863,4812,123.75
3864,271,123.75
3865,271,123.75
3866,1089,217.86
3867,1089,217.86
3868,5429,133.4
3869,5429,133.4
3870,456,152.75
3871,456,152.75
3872,8076,141.4
3873,8076,141.4
3874,8076,141.4
3875,7128,126.0
3876,7128,126.0
3877,7128,126.0
3878,8276,132.82
3879,8276,132.82
3880,8276,132.82
3881,3948,133.4
3882,3948,133.4
3883,3948,133.4
3884,2890,133.4
3885,2890,133.4
3886,2890,133.4
3887,1997,117.21
3888,1997,117.21
3889,1997,117.21
3890,4030,133.4
3891,4030,133.4
3892,4030,133.4
3893,481,154.88
3894,481,154.88
3895,481,154.88
3896,4483,152.75
3897,4483,152.75
3898,4483,152.75
3899,7918,154.88
3900,7918,154.88
3901,7918,154.88
3902,7921,132.82
3903,7921,132.82
3904,7921,132.82
3905,9878,103.21
3906,9878,103.21
3907,9878,103.21
3908,2161,117.21
3909,2161,117.21
3910,2161,117.21
3911,3715,125.46
3912,3715,125.46
3913,3715,125.46
3914,6286,57.5
3915,6286,57.5
3916,6286,57.5
3917,1695,156.83
3918,1695,156.83
3919,1695,156.83
3920,6051,123.75
3921,6051,123.75
3922,6051,123.75
3923,9477,141.4
3924,9477,141.4
3925,9477,141.4
3926,493,123.75
3927,493,123.75
3928,493,123.75
3929,5906,123.75
3930,5906,123.75
3931,5906,123.75
3932,4607,133.4
3933,4607,133.4
3934,4607,133.4
3935,5310,141.4
3936,5310,141.4
3937,5310,141.4
3938,2604,117.21
3939,2604,117.21
3940,2604,117.21
3941,4079,137.31
3942,4079,137.31
3943,4079,137.31
3944,6558,117.21
3945,6558,117.21
3946,6558,117.21
3947,1981,123.75
3948,1981,123.75
3949,1981,123.75
3950,5052,133.4
3951,5052,133.4
3952,5052,133.4
3953,50,133.4
3954,50,133.4
3955,50,133.4
3956,5214,125.46
3957,5214,125.46
3958,5214,125.46
3959,7085,133.4
3960,7085,133.4
3961,7085,133.4
3962,2158,133.4
3963,2158,133.4
3964,2158,133.4
3965,111,123.75
3966,111,123.75
3967,111,123.75
3968,830,133.4
3969,830,133.4
3970,830,133.4
3971,6082,141.4
3972,6082,141.4
3973,6082,141.4
3974,9352,117.21
3975,9352,117.21
3976,9352,117.21
3977,7949,125.46
3978,7949,125.46
3979,7949,125.46
3980,9978,141.4
3981,9978,141.4
3982,9978,141.4
3983,5678,133.4
3984,5678,133.4
3985,5678,133.4
3986,8329,133.4
3987,8329,133.4
3988,8329,133.4
3989,1457,145.81
3990,1457,145.81
3991,1457,145.81
3992,4143,159.85
3993,4143,159.85
3994,4143,159.85
3995,4029,133.4
3996,4029,133.4
3997,4029,133.4
3998,7555,141.4
3999,7555,141.4
4000,7555,141.4
4001,7714,151.68
4002,7714,151.68
4003,7714,151.68
4004,3981,386.66
4005,3981,386.66
4006,3981,386.66
4007,1408,141.4
4008,1408,141.4
4009,1408,141.4
4010,9797,132.82
4011,9797,132.82
4012,9797,132.82
4013,9796,141.4
4014,9796,141.4
4015,9796,141.4
4016,5714,125.46
4017,5714,125.46
4018,5714,125.46
4019,9992,252.42
4020,9992,252.42
4021,9992,252.42
4022,1697,161.0
4023,1697,161.0
4024,1697,161.0
4025,3408,117.21
4026,3408,117.21
4027,3408,117.21
4028,3247,133.4
4029,3247,133.4
4030,3247,133.4
4031,7874,143.34
4032,7874,143.34
4033,7874,143.34
4034,7791,133.4
4035,7791,133.4
4036,7791,133.4
4037,4463,133.4
4038,4463,133.4
4039,4463,133.4
4040,9832,154.88
4041,9832,154.88
4042,9832,154.88
4043,6959,152.75
4044,6959,152.75
4045,6959,152.75
4046,9961,133.4
4047,9961,133.4
4048,9961,133.4
4049,4895,123.75
4050,4895,123.75
4051,4895,123.75
4052,9017,151.68
4053,9017,151.68
4054,9017,151.68
4055,3818,135.41
4056,3818,135.41
4057,3818,135.41
4058,5865,117.21
4059,5865,117.21
4060,5865,117.21
4061,6429,133.4
4062,6429,133.4
4063,6429,133.4
4064,9190,151.68
4065,9190,151.68
4066,9190,151.68
4067,6850,132.5
4068,6850,132.5
4069,6850,132.5
4070,5583,133.4
4071,5583,133.4
4072,5583,133.4
4073,1423,159.85
4074,1423,159.85
4075,1423,159.85
4076,3596,123.75
4077,3596,123.75
4078,3596,123.75
4079,3278,133.4
4080,3278,133.4
4081,3278,133.4
4082,9334,156.83
4083,9334,156.83
4084,9334,156.83
4085,8378,133.4
4086,8378,133.4
4087,8378,133.4
4088,9446,133.4
4089,9446,133.4
4090,9446,133.4
4091,7822,226.66
4092,7822,226.66
4093,7822,226.66
4094,7601,133.4
4095,7601,133.4
4096,7601,133.4
4097,1083,108.48
4098,1083,108.48
4099,1083,108.48
4100,1679,133.4
4101,1679,133.4
4102,1679,133.4
4103,142,123.75
4104,142,123.75
4105,142,123.75
4106,192,132.5
4107,192,132.5
4108,192,132.5
4109,1467,123.75
4110,1467,123.75
4111,1467,123.75
4112,3866,123.75
4113,3866,123.75
4114,3866,123.75
4115,5929,123.75
4116,5929,123.75
4117,5929,123.75
4118,5024,133.4
4119,5024,133.4
4120,5024,133.4
4121,8502,154.88
4122,8502,154.88
4123,8502,154.88
4124,2717,150.65
4125,2717,150.65
4126,2717,150.65
4127,6545,116.19
4128,6545,116.19
4129,6545,116.19
4130,6716,133.4
4131,6716,133.4
4132,6716,133.4
4133,977,123.75
4134,977,123.75
4135,977,123.75
4136,4606,87.25
4137,4606,87.25
4138,4606,87.25
4139,7118,133.4
4140,7118,133.4
4141,7118,133.4
4142,961,153.6
4143,961,153.6
4144,961,153.6
4145,412,154.88
4146,412,154.88
4147,412,154.88
4148,2782,133.4
4149,2782,133.4
4150,2782,133.4
4151,6447,150.65
4152,6447,150.65
4153,6447,150.65
4154,2846,123.75
4155,2846,123.75
4156,2846,123.75
4157,6306,156.83
4158,6306,156.83
4159,6306,156.83
4160,9337,123.75
4161,9337,123.75
4162,9337,123.75
4163,60,123.75
4164,60,123.75
4165,60,123.75
4166,2880,123.75
4167,2880,123.75
4168,2880,123.75
4169,6493,141.4
4170,6493,141.4
4171,6493,141.4
4172,1325,133.4
4173,1325,133.4
4174,1325,133.4
4175,8965,151.68
4176,8965,151.68
4177,8965,151.68
4178,992,133.4
4179,992,133.4
4180,992,133.4
4181,6669,117.21
4182,6669,117.21
4183,6669,117.21
4184,8102,133.4
4185,8102,133.4
4186,8102,133.4
4187,7104,143.34
4188,7104,143.34
4189,7104,143.34
4190,4811,133.4
4191,4811,133.4
4192,4811,133.4
4193,3542,133.4
4194,3542,133.4
4195,3542,133.4
4196,9715,117.21
4197,9715,117.21
4198,9715,117.21
4199,9763,150.65
4200,9763,150.65
4201,9763,150.65
4202,8176,130.87
4203,8176,130.87
4204,8176,130.87
4205,7911,123.75
4206,7911,123.75
4207,7911,123.75
4208,7588,150.65
4209,7588,150.65
4210,7588,150.65
4211,1732,151.68
4212,1732,151.68
4213,1732,151.68
4214,6005,133.4
4215,6005,133.4
4216,6005,133.4
4217,4801,133.4
4218,4801,133.4
4219,4801,133.4
4220,9246,159.85
4221,9246,159.85
4222,9246,159.85
4223,9696,133.4
4224,9696,133.4
4225,9696,133.4
4226,2217,132.5
4227,2217,132.5
4228,2217,132.5
4229,2277,196.27
4230,2277,196.27
4231,2277,196.27
4232,521,141.4
4233,521,141.4
4234,521,141.4
4235,8556,133.4
4236,8556,133.4
4237,8556,133.4
4238,1399,133.4
4239,1399,133.4
4240,1399,133.4
4241,5477,151.68
4242,5477,151.68
4243,5477,151.68
4244,6230,123.75
4245,6230,123.75
4246,6230,123.75
4247,9299,123.75
4248,9299,123.75
4249,9299,123.75
4250,6969,133.4
4251,6969,133.4
4252,6969,133.4
4253,3174,151.68
4254,3174,151.68
4255,3174,151.68
4256,3112,186.3
4257,3112,186.3
4258,3112,186.3
4259,4968,125.46
4260,4968,125.46
4261,4968,125.46
4262,1383,152.75
4263,1383,152.75
4264,1383,152.75
4265,8983,151.68
4266,8983,151.68
4267,8983,151.68
4268,3874,125.46
4269,3874,125.46
4270,3874,125.46
4271,7396,133.4
4272,7396,133.4
4273,7396,133.4
4274,2840,123.75
4275,2840,123.75
4276,2840,123.75
4277,3812,123.75
4278,3812,123.75
4279,3812,123.75
4280,7508,196.27
4281,7508,196.27
4282,7508,196.27
4283,6001,191.66
4284,6001,191.66
4285,6001,191.66
4286,4678,340.0
4287,4678,340.0
4288,4678,340.0
4289,9251,108.48
4290,9251,108.48
4291,9251,108.48
4292,6523,116.19
4293,6523,116.19
4294,6523,116.19
4295,339,133.4
4296,339,133.4
4297,339,133.4
4298,5978,123.75
4299,5978,123.75
4300,5978,123.75
4301,3419,87.25
4302,3419,87.25
4303,3419,87.25
4304,5210,125.46
4305,5210,125.46
4306,5210,125.46
4307,1848,150.56
4308,1848,150.56
4309,1848,150.56
4310,7323,117.21
4311,7323,117.21
4312,7323,117.21
4313,4966,123.75
4314,4966,123.75
4315,4966,123.75
4316,8576,133.4
4317,8576,133.4
4318,8576,133.4
4319,1832,123.75
4320,1832,123.75
4321,1832,123.75
4322,6599,125.46
4323,6599,125.46
4324,6599,125.46
4325,8928,151.68
4326,8928,151.68
4327,8928,151.68
4328,3433,152.75
4329,3433,152.75
4330,3433,152.75
4331,2533,103.21
4332,2533,103.21
4333,2533,103.21
4334,6672,133.4
4335,6672,133.4
4336,6672,133.4
4337,7675,123.75
4338,7675,123.75
4339,7675,123.75
4340,3289,133.4
4341,3289,133.4
4342,3289,133.4
4343,2386,117.21
4344,2386,117.21
4345,2386,117.21
4346,5194,137.31
4347,5194,137.31
4348,5194,137.31
4349,7115,125.46
4350,7115,125.46
4351,7115,125.46
4352,8397,156.83
4353,8397,156.83
4354,8397,156.83
4355,2309,137.31
4356,2309,137.31
4357,2309,137.31
4358,2617,123.75
4359,2617,123.75
4360,2617,123.75
4361,121,103.21
4362,121,103.21
4363,121,103.21
4364,6512,117.21
4365,6512,117.21
4366,6512,117.21
4367,6763,117.21
4368,6763,117.21
4369,6763,117.21
4370,7526,133.4
4371,7526,133.4
4372,7526,133.4
4373,4858,133.4
4374,4858,133.4
4375,4858,133.4
4376,6923,123.75
4377,6923,123.75
4378,6923,123.75
4379,6487,133.4
4380,6487,133.4
4381,6487,133.4
4382,5240,133.4
4383,5240,133.4
4384,5240,133.4
4385,872,141.4
4386,872,141.4
4387,872,141.4
4388,7670,117.21
4389,7670,117.21
4390,7670,117.21
4391,936,133.4
4392,936,133.4
4393,936,133.4
4394,2450,141.4
4395,2450,141.4
4396,2450,141.4
4397,9277,133.4
4398,9277,133.4
4399,9277,133.4
4400,1207,141.4
4401,1207,141.4
4402,1207,141.4
4403,6024,103.21
4404,6024,103.21
4405,6024,103.21
4406,8101,63.71
4407,8101,63.71
4408,8101,63.71
4409,6068,133.4
4410,6068,133.4
4411,6068,133.4
4412,8133,81.9
4413,8133,81.9
4414,8133,81.9
4415,5537,117.21
4416,5537,117.21
4417,5537,117.21
4418,8259,133.4
4419,8259,133.4
4420,8259,133.4
4421,119,145.81
4422,119,145.81
4423,119,145.81
4424,6036,125.46
4425,6036,125.46
4426,6036,125.46
4427,167,133.4
4428,167,133.4
4429,167,133.4
4430,5125,123.75
4431,5125,123.75
4432,5125,123.75
4433,6532,133.4
4434,6532,133.4
4435,6532,133.4
4436,5627,152.75
4437,5627,152.75
4438,5627,152.75
4439,5831,117.21
4440,5831,117.21
4441,5831,117.21
4442,618,123.75
4443,618,123.75
4444,618,123.75
4445,4728,151.68
4446,4728,151.68
4447,4728,151.68
4448,247,117.21
4449,247,117.21
4450,247,117.21
4451,3959,133.4
4452,3959,133.4
4453,3959,133.4
4454,5819,145.81
4455,5819,145.81
4456,5819,145.81
4457,7221,133.4
4458,7221,133.4
4459,7221,133.4
4460,6521,151.68
4461,6521,151.68
4462,6521,151.68
4463,3124,123.75
4464,3124,123.75
4465,3124,123.75
4466,1318,133.4
4467,1318,133.4
4468,1318,133.4
4469,3060,123.75
4470,3060,123.75
4471,3060,123.75
4472,8366,137.31
4473,8366,137.31
4474,8366,137.31
4475,4664,123.75
4476,4664,123.75
4477,4664,123.75
4478,8286,159.85
4479,8286,159.85
4480,8286,159.85
4481,3607,152.75
4482,3607,152.75
4483,3607,152.75
4484,4120,152.75
4485,4120,152.75
4486,4120,152.75
4487,9298,133.4
4488,9298,133.4
4489,9298,133.4
4490,3912,133.4
4491,3912,133.4
4492,3912,133.4
4493,4409,150.56
4494,4409,150.56
4495,4409,150.56
4496,1221,117.21
4497,1221,117.21
4498,1221,117.21
4499,1798,660.94
4500,1798,660.94
4501,1798,660.94
4502,4393,117.21
4503,4393,117.21
4504,4393,117.21
4505,6692,154.88
4506,6692,154.88
4507,6692,154.88
4508,567,133.4
4509,567,133.4
4510,567,133.4
4511,5706,117.21
4512,5706,117.21
4513,5706,117.21
4514,711,143.51
4515,711,143.51
4516,711,143.51
4517,8433,135.41
4518,8433,135.41
4519,8433,135.41
4520,2870,133.4
4521,2870,133.4
4522,2870,133.4
4523,7450,143.34
4524,7450,143.34
4525,7450,143.34
4526,8210,133.4
4527,8210,133.4
4528,8210,133.4
4529,358,150.65
4530,358,150.65
4531,358,150.65
4532,7680,141.4
4533,7680,141.4
4534,7680,141.4
4535,1417,217.86
4536,1417,217.86
4537,1417,217.86
4538,6072,133.4
4539,6072,133.4
4540,6072,133.4
4541,4105,132.5
4542,4105,132.5
4543,4105,132.5
4544,8546,103.21
4545,8546,103.21
4546,8546,103.21
4547,4436,87.25
4548,4436,87.25
4549,4436,87.25
4550,9473,123.75
4551,9473,123.75
4552,9473,123.75
4553,2683,191.66
4554,2683,191.66
4555,2683,191.66
4556,8910,172.5
4557,8910,172.5
4558,8910,172.5
4559,4423,117.21
4560,4423,117.21
4561,4423,117.21
4562,4455,117.21
4563,4455,117.21
4564,4455,117.21
4565,4036,123.75
4566,4036,123.75
4567,4036,123.75
4568,1635,150.56
4569,1635,150.56
4570,1635,150.56
4571,9373,108.48
4572,9373,108.48
4573,9373,108.48
